sku_id,category,subcategory,forecast_week,week_horizon,predicted_units,lower_ci_80,upper_ci_80,baseline_units,unit_cost,list_price
NB-DÉC-051,Décor,Mirrors,2026-04-06,1,4.2,5.1,28.0,45.0,879.87,1844.83
NB-DÉC-051,Décor,Mirrors,2026-04-13,2,1.2,6.1,17.5,44.0,879.87,1844.83
NB-DÉC-051,Décor,Mirrors,2026-04-20,3,0.3,4.5,10.2,32.0,879.87,1844.83
NB-DÉC-051,Décor,Mirrors,2026-04-27,4,0.0,1.7,6.3,7.0,879.87,1844.83
NB-DÉC-051,Décor,Mirrors,2026-05-04,5,0.0,1.5,6.3,4.2,879.87,1844.83
NB-DÉC-051,Décor,Mirrors,2026-05-11,6,0.0,1.5,6.1,1.2,879.87,1844.83
NB-DÉC-051,Décor,Mirrors,2026-05-18,7,0.5,0.1,5.7,0.3,879.87,1844.83
NB-DÉC-051,Décor,Mirrors,2026-05-25,8,0.0,0.2,5.5,0.0,879.87,1844.83
NB-DÉC-052,Décor,Candles,2026-04-06,1,10.7,6.5,40.4,45.0,588.97,1244.85
NB-DÉC-052,Décor,Candles,2026-04-13,2,5.2,5.3,27.8,50.0,588.97,1244.85
NB-DÉC-052,Décor,Candles,2026-04-20,3,1.4,5.3,20.3,44.0,588.97,1244.85
NB-DÉC-052,Décor,Candles,2026-04-27,4,0.0,1.6,7.9,9.0,588.97,1244.85
NB-DÉC-052,Décor,Candles,2026-05-04,5,0.0,1.5,6.3,10.7,588.97,1244.85
NB-DÉC-052,Décor,Candles,2026-05-11,6,0.0,2.1,6.8,5.2,588.97,1244.85
NB-DÉC-052,Décor,Candles,2026-05-18,7,0.0,0.8,5.4,1.4,588.97,1244.85
NB-DÉC-052,Décor,Candles,2026-05-25,8,0.0,0.1,5.0,0.0,588.97,1244.85
NB-DÉC-053,Décor,Candles,2026-04-06,1,34.1,13.2,38.4,129.0,3250.1,7576.39
NB-DÉC-053,Décor,Candles,2026-04-13,2,47.1,13.5,47.1,91.0,3250.1,7576.39
NB-DÉC-053,Décor,Candles,2026-04-20,3,38.4,12.8,38.4,111.0,3250.1,7576.39
NB-DÉC-053,Décor,Candles,2026-04-27,4,21.6,10.3,21.6,31.0,3250.1,7576.39
NB-DÉC-053,Décor,Candles,2026-05-04,5,17.4,7.3,17.4,34.1,3250.1,7576.39
NB-DÉC-053,Décor,Candles,2026-05-11,6,8.3,6.3,8.3,47.1,3250.1,7576.39
NB-DÉC-053,Décor,Candles,2026-05-18,7,2.5,5.9,12.0,38.4,3250.1,7576.39
NB-DÉC-053,Décor,Candles,2026-05-25,8,1.6,5.3,14.3,21.6,3250.1,7576.39
NB-DÉC-054,Décor,Lighting,2026-04-06,1,35.3,11.3,35.3,87.0,3039.16,5678.74
NB-DÉC-054,Décor,Lighting,2026-04-13,2,27.4,8.8,27.4,81.0,3039.16,5678.74
NB-DÉC-054,Décor,Lighting,2026-04-20,3,19.9,7.6,19.9,91.0,3039.16,5678.74
NB-DÉC-054,Décor,Lighting,2026-04-27,4,9.6,7.5,9.6,16.0,3039.16,5678.74
NB-DÉC-054,Décor,Lighting,2026-05-04,5,3.6,6.4,3.6,35.3,3039.16,5678.74
NB-DÉC-054,Décor,Lighting,2026-05-11,6,0.0,5.2,18.1,27.4,3039.16,5678.74
NB-DÉC-054,Décor,Lighting,2026-05-18,7,1.5,6.1,12.1,19.9,3039.16,5678.74
NB-DÉC-054,Décor,Lighting,2026-05-25,8,0.0,0.9,17.9,9.6,3039.16,5678.74
NB-DÉC-055,Décor,Wall Art,2026-04-06,1,5.5,4.5,20.7,31.0,1651.7,4528.29
NB-DÉC-055,Décor,Wall Art,2026-04-13,2,3.3,5.8,14.3,33.0,1651.7,4528.29
NB-DÉC-055,Décor,Wall Art,2026-04-20,3,0.0,2.4,6.9,30.0,1651.7,4528.29
NB-DÉC-055,Décor,Wall Art,2026-04-27,4,0.0,1.2,6.3,3.0,1651.7,4528.29
NB-DÉC-055,Décor,Wall Art,2026-05-04,5,0.0,1.1,6.6,5.5,1651.7,4528.29
NB-DÉC-055,Décor,Wall Art,2026-05-11,6,0.0,0.3,5.0,3.3,1651.7,4528.29
NB-DÉC-055,Décor,Wall Art,2026-05-18,7,0.9,0.0,7.0,0.0,1651.7,4528.29
NB-DÉC-055,Décor,Wall Art,2026-05-25,8,0.1,0.0,5.4,0.0,1651.7,4528.29
NB-DÉC-056,Décor,Candles,2026-04-06,1,10.7,5.2,40.4,48.0,523.2,984.65
NB-DÉC-056,Décor,Candles,2026-04-13,2,3.1,5.3,24.9,39.0,523.2,984.65
NB-DÉC-056,Décor,Candles,2026-04-20,3,2.1,6.1,16.9,46.0,523.2,984.65
NB-DÉC-056,Décor,Candles,2026-04-27,4,0.0,1.6,4.7,9.0,523.2,984.65
NB-DÉC-056,Décor,Candles,2026-05-04,5,0.0,1.6,6.4,10.7,523.2,984.65
NB-DÉC-056,Décor,Candles,2026-05-11,6,0.0,1.5,6.3,3.1,523.2,984.65
NB-DÉC-056,Décor,Candles,2026-05-18,7,0.0,0.8,4.9,2.1,523.2,984.65
NB-DÉC-056,Décor,Candles,2026-05-25,8,0.0,0.1,4.7,0.0,523.2,984.65
NB-DÉC-057,Décor,Candles,2026-04-06,1,30.6,11.4,31.9,106.0,1380.75,2845.4
NB-DÉC-057,Décor,Candles,2026-04-13,2,39.5,11.3,39.5,101.0,1380.75,2845.4
NB-DÉC-057,Décor,Candles,2026-04-20,3,25.5,11.0,25.5,100.0,1380.75,2845.4
NB-DÉC-057,Décor,Candles,2026-04-27,4,14.2,7.5,14.2,28.0,1380.75,2845.4
NB-DÉC-057,Décor,Candles,2026-05-04,5,11.5,6.3,11.5,30.6,1380.75,2845.4
NB-DÉC-057,Décor,Candles,2026-05-11,6,2.9,5.9,2.9,39.5,1380.75,2845.4
NB-DÉC-057,Décor,Candles,2026-05-18,7,0.0,5.3,15.5,25.5,1380.75,2845.4
NB-DÉC-057,Décor,Candles,2026-05-25,8,0.1,1.0,11.8,14.2,1380.75,2845.4
NB-DÉC-058,Décor,Wall Art,2026-04-06,1,4.9,4.9,19.2,39.0,1223.4,2362.24
NB-DÉC-058,Décor,Wall Art,2026-04-13,2,0.5,6.4,10.8,26.0,1223.4,2362.24
NB-DÉC-058,Décor,Wall Art,2026-04-20,3,0.0,3.0,7.0,31.0,1223.4,2362.24
NB-DÉC-058,Décor,Wall Art,2026-04-27,4,0.0,1.6,6.3,9.0,1223.4,2362.24
NB-DÉC-058,Décor,Wall Art,2026-05-04,5,0.0,1.5,6.3,4.9,1223.4,2362.24
NB-DÉC-058,Décor,Wall Art,2026-05-11,6,0.0,0.7,5.0,0.5,1223.4,2362.24
NB-DÉC-058,Décor,Wall Art,2026-05-18,7,0.5,0.3,6.7,0.0,1223.4,2362.24
NB-DÉC-058,Décor,Wall Art,2026-05-25,8,0.0,0.2,5.4,0.0,1223.4,2362.24
NB-DÉC-059,Décor,Vases & Planters,2026-04-06,1,8.2,7.1,51.1,47.0,3279.96,8973.1
NB-DÉC-059,Décor,Vases & Planters,2026-04-13,2,4.3,5.0,34.4,48.0,3279.96,8973.1
NB-DÉC-059,Décor,Vases & Planters,2026-04-20,3,1.6,4.3,19.1,42.0,3279.96,8973.1
NB-DÉC-059,Décor,Vases & Planters,2026-04-27,4,0.0,1.8,8.4,7.0,3279.96,8973.1
NB-DÉC-059,Décor,Vases & Planters,2026-05-04,5,0.0,1.2,6.3,8.2,3279.96,8973.1
NB-DÉC-059,Décor,Vases & Planters,2026-05-11,6,0.0,1.1,6.7,4.3,3279.96,8973.1
NB-DÉC-059,Décor,Vases & Planters,2026-05-18,7,0.0,0.4,4.7,1.6,3279.96,8973.1
NB-DÉC-059,Décor,Vases & Planters,2026-05-25,8,0.1,0.0,5.0,0.0,3279.96,8973.1
NB-DÉC-060,Décor,Candles,2026-04-06,1,33.9,10.6,33.9,76.0,3487.9,6533.75
NB-DÉC-060,Décor,Candles,2026-04-13,2,30.2,10.5,30.2,89.0,3487.9,6533.75
NB-DÉC-060,Décor,Candles,2026-04-20,3,20.1,9.9,20.1,84.0,3487.9,6533.75
NB-DÉC-060,Décor,Candles,2026-04-27,4,10.4,7.3,10.4,23.0,3487.9,6533.75
NB-DÉC-060,Décor,Candles,2026-05-04,5,0.7,6.0,18.0,33.9,3487.9,6533.75
NB-DÉC-060,Décor,Candles,2026-05-11,6,1.2,5.5,18.5,30.2,3487.9,6533.75
NB-DÉC-060,Décor,Candles,2026-05-18,7,2.5,6.2,14.6,20.1,3487.9,6533.75
NB-DÉC-060,Décor,Candles,2026-05-25,8,0.0,1.0,13.3,10.4,3487.9,6533.75
NB-DÉC-061,Décor,Wall Art,2026-04-06,1,32.7,11.1,32.7,105.0,3293.1,8828.35
NB-DÉC-061,Décor,Wall Art,2026-04-13,2,31.8,10.6,31.8,92.0,3293.1,8828.35
NB-DÉC-061,Décor,Wall Art,2026-04-20,3,20.7,9.8,20.7,72.0,3293.1,8828.35
NB-DÉC-061,Décor,Wall Art,2026-04-27,4,11.1,6.8,11.1,28.0,3293.1,8828.35
NB-DÉC-061,Décor,Wall Art,2026-05-04,5,5.5,5.5,5.5,32.7,3293.1,8828.35
NB-DÉC-061,Décor,Wall Art,2026-05-11,6,0.0,5.7,26.8,31.8,3293.1,8828.35
NB-DÉC-061,Décor,Wall Art,2026-05-18,7,1.0,5.0,12.6,20.7,3293.1,8828.35
NB-DÉC-061,Décor,Wall Art,2026-05-25,8,0.5,0.7,18.1,11.1,3293.1,8828.35
NB-DÉC-062,Décor,Vases & Planters,2026-04-06,1,30.7,11.2,30.7,100.0,889.02,2341.45
NB-DÉC-062,Décor,Vases & Planters,2026-04-13,2,35.4,10.1,35.4,82.0,889.02,2341.45
NB-DÉC-062,Décor,Vases & Planters,2026-04-20,3,23.0,9.7,23.0,97.0,889.02,2341.45
NB-DÉC-062,Décor,Vases & Planters,2026-04-27,4,12.5,6.9,12.5,24.0,889.02,2341.45
NB-DÉC-062,Décor,Vases & Planters,2026-05-04,5,9.3,5.8,9.3,30.7,889.02,2341.45
NB-DÉC-062,Décor,Vases & Planters,2026-05-11,6,3.3,5.5,3.3,35.4,889.02,2341.45
NB-DÉC-062,Décor,Vases & Planters,2026-05-18,7,2.1,4.1,14.6,23.0,889.02,2341.45
NB-DÉC-062,Décor,Vases & Planters,2026-05-25,8,0.0,0.8,13.5,12.5,889.02,2341.45
NB-DÉC-063,Décor,Candles,2026-04-06,1,10.9,6.4,31.4,58.0,424.25,1110.31
NB-DÉC-063,Décor,Candles,2026-04-13,2,3.6,4.9,26.4,60.0,424.25,1110.31
NB-DÉC-063,Décor,Candles,2026-04-20,3,0.0,4.9,25.2,40.0,424.25,1110.31
NB-DÉC-063,Décor,Candles,2026-04-27,4,0.0,1.8,7.6,14.0,424.25,1110.31
NB-DÉC-063,Décor,Candles,2026-05-04,5,0.0,1.8,8.7,10.9,424.25,1110.31
NB-DÉC-063,Décor,Candles,2026-05-11,6,0.0,1.5,5.5,3.6,424.25,1110.31
NB-DÉC-063,Décor,Candles,2026-05-18,7,0.0,0.4,5.4,0.0,424.25,1110.31
NB-DÉC-063,Décor,Candles,2026-05-25,8,0.0,0.0,5.0,0.0,424.25,1110.31
NB-DÉC-064,Décor,Lighting,2026-04-06,1,34.3,13.0,34.3,111.0,3310.68,6403.82
NB-DÉC-064,Décor,Lighting,2026-04-13,2,39.4,12.2,39.4,90.0,3310.68,6403.82
NB-DÉC-064,Décor,Lighting,2026-04-20,3,27.1,11.0,27.1,105.0,3310.68,6403.82
NB-DÉC-064,Décor,Lighting,2026-04-27,4,13.5,8.2,13.5,21.0,3310.68,6403.82
NB-DÉC-064,Décor,Lighting,2026-05-04,5,11.5,6.4,11.5,34.3,3310.68,6403.82
NB-DÉC-064,Décor,Lighting,2026-05-11,6,2.9,6.0,2.9,39.4,3310.68,6403.82
NB-DÉC-064,Décor,Lighting,2026-05-18,7,0.0,5.4,15.5,27.1,3310.68,6403.82
NB-DÉC-064,Décor,Lighting,2026-05-25,8,0.3,1.3,11.8,13.5,3310.68,6403.82
NB-DÉC-065,Décor,Candles,2026-04-06,1,14.6,6.3,32.6,73.0,881.89,1835.88
NB-DÉC-065,Décor,Candles,2026-04-13,2,8.5,7.2,25.3,65.0,881.89,1835.88
NB-DÉC-065,Décor,Candles,2026-04-20,3,0.0,5.0,31.8,52.0,881.89,1835.88
NB-DÉC-065,Décor,Candles,2026-04-27,4,0.0,5.7,16.6,12.0,881.89,1835.88
NB-DÉC-065,Décor,Candles,2026-05-04,5,0.0,1.6,7.6,14.6,881.89,1835.88
NB-DÉC-065,Décor,Candles,2026-05-11,6,0.0,2.2,8.7,8.5,881.89,1835.88
NB-DÉC-065,Décor,Candles,2026-05-18,7,0.0,2.0,4.6,0.0,881.89,1835.88
NB-DÉC-065,Décor,Candles,2026-05-25,8,0.0,0.1,5.5,0.0,881.89,1835.88
NB-DÉC-066,Décor,Wall Art,2026-04-06,1,10.8,7.0,26.5,64.0,2531.24,6715.16
NB-DÉC-066,Décor,Wall Art,2026-04-13,2,3.6,5.2,22.7,28.0,2531.24,6715.16
NB-DÉC-066,Décor,Wall Art,2026-04-20,3,0.0,5.4,31.7,56.0,2531.24,6715.16
NB-DÉC-066,Décor,Wall Art,2026-04-27,4,0.8,0.7,16.2,15.0,2531.24,6715.16
NB-DÉC-066,Décor,Wall Art,2026-05-04,5,0.0,1.8,9.0,10.8,2531.24,6715.16
NB-DÉC-066,Décor,Wall Art,2026-05-11,6,0.0,1.2,6.3,3.6,2531.24,6715.16
NB-DÉC-066,Décor,Wall Art,2026-05-18,7,0.0,1.6,4.6,0.0,2531.24,6715.16
NB-DÉC-066,Décor,Wall Art,2026-05-25,8,0.0,0.0,5.2,0.8,2531.24,6715.16
NB-DÉC-067,Décor,Lighting,2026-04-06,1,41.3,12.3,41.3,107.0,686.13,1525.66
NB-DÉC-067,Décor,Lighting,2026-04-13,2,43.4,13.3,43.4,85.0,686.13,1525.66
NB-DÉC-067,Décor,Lighting,2026-04-20,3,29.4,11.3,29.4,98.0,686.13,1525.66
NB-DÉC-067,Décor,Lighting,2026-04-27,4,19.1,8.6,19.1,23.0,686.13,1525.66
NB-DÉC-067,Décor,Lighting,2026-05-04,5,10.1,6.6,10.1,41.3,686.13,1525.66
NB-DÉC-067,Décor,Lighting,2026-05-11,6,6.8,6.6,6.8,43.4,686.13,1525.66
NB-DÉC-067,Décor,Lighting,2026-05-18,7,0.0,6.3,1.7,29.4,686.13,1525.66
NB-DÉC-067,Décor,Lighting,2026-05-25,8,0.0,3.6,12.5,19.1,686.13,1525.66
NB-DÉC-068,Décor,Wall Art,2026-04-06,1,31.3,11.3,31.8,92.0,2375.05,4897.25
NB-DÉC-068,Décor,Wall Art,2026-04-13,2,34.6,11.1,34.6,98.0,2375.05,4897.25
NB-DÉC-068,Décor,Wall Art,2026-04-20,3,22.4,9.9,22.4,100.0,2375.05,4897.25
NB-DÉC-068,Décor,Wall Art,2026-04-27,4,11.2,8.3,11.2,19.0,2375.05,4897.25
NB-DÉC-068,Décor,Wall Art,2026-05-04,5,10.4,6.0,10.4,31.3,2375.05,4897.25
NB-DÉC-068,Décor,Wall Art,2026-05-11,6,0.6,6.1,0.6,34.6,2375.05,4897.25
NB-DÉC-068,Décor,Wall Art,2026-05-18,7,1.7,5.6,14.2,22.4,2375.05,4897.25
NB-DÉC-068,Décor,Wall Art,2026-05-25,8,0.5,0.9,16.2,11.2,2375.05,4897.25
NB-DÉC-069,Décor,Mirrors,2026-04-06,1,36.2,12.0,44.4,120.0,2138.81,4089.13
NB-DÉC-069,Décor,Mirrors,2026-04-13,2,39.9,14.0,39.9,130.0,2138.81,4089.13
NB-DÉC-069,Décor,Mirrors,2026-04-20,3,42.5,12.3,42.5,131.0,2138.81,4089.13
NB-DÉC-069,Décor,Mirrors,2026-04-27,4,26.0,9.3,26.0,23.0,2138.81,4089.13
NB-DÉC-069,Décor,Mirrors,2026-05-04,5,18.9,8.8,18.9,36.2,2138.81,4089.13
NB-DÉC-069,Décor,Mirrors,2026-05-11,6,10.9,6.6,10.9,39.9,2138.81,4089.13
NB-DÉC-069,Décor,Mirrors,2026-05-18,7,7.3,6.2,7.3,42.5,2138.81,4089.13
NB-DÉC-069,Décor,Mirrors,2026-05-25,8,4.5,5.1,4.5,26.0,2138.81,4089.13
NB-DÉC-070,Décor,Wall Art,2026-04-06,1,30.1,11.7,30.1,97.0,2091.33,5509.81
NB-DÉC-070,Décor,Wall Art,2026-04-13,2,29.8,9.9,29.8,85.0,2091.33,5509.81
NB-DÉC-070,Décor,Wall Art,2026-04-20,3,20.5,9.3,20.5,83.0,2091.33,5509.81
NB-DÉC-070,Décor,Wall Art,2026-04-27,4,10.6,6.7,10.6,28.0,2091.33,5509.81
NB-DÉC-070,Décor,Wall Art,2026-05-04,5,3.9,5.6,3.9,30.1,2091.33,5509.81
NB-DÉC-070,Décor,Wall Art,2026-05-11,6,0.0,5.9,18.9,29.8,2091.33,5509.81
NB-DÉC-070,Décor,Wall Art,2026-05-18,7,1.1,5.3,11.6,20.5,2091.33,5509.81
NB-DÉC-070,Décor,Wall Art,2026-05-25,8,0.4,0.5,18.1,10.6,2091.33,5509.81
NB-DÉC-071,Décor,Mirrors,2026-04-06,1,31.5,10.9,31.5,82.0,795.08,1676.23
NB-DÉC-071,Décor,Mirrors,2026-04-13,2,27.9,8.9,27.9,75.0,795.08,1676.23
NB-DÉC-071,Décor,Mirrors,2026-04-20,3,21.9,9.3,21.9,107.0,795.08,1676.23
NB-DÉC-071,Décor,Mirrors,2026-04-27,4,9.3,7.5,9.3,18.0,795.08,1676.23
NB-DÉC-071,Décor,Mirrors,2026-05-04,5,0.4,5.9,1.1,31.5,795.08,1676.23
NB-DÉC-071,Décor,Mirrors,2026-05-11,6,0.3,5.2,18.3,27.9,795.08,1676.23
NB-DÉC-071,Décor,Mirrors,2026-05-18,7,1.0,5.8,10.9,21.9,795.08,1676.23
NB-DÉC-071,Décor,Mirrors,2026-05-25,8,0.0,1.2,17.9,9.3,795.08,1676.23
NB-DÉC-072,Décor,Lighting,2026-04-06,1,10.3,7.2,53.3,45.0,3186.67,6405.45
NB-DÉC-072,Décor,Lighting,2026-04-13,2,4.4,5.5,27.3,52.0,3186.67,6405.45
NB-DÉC-072,Décor,Lighting,2026-04-20,3,0.9,6.1,15.1,44.0,3186.67,6405.45
NB-DÉC-072,Décor,Lighting,2026-04-27,4,0.0,1.7,7.9,8.0,3186.67,6405.45
NB-DÉC-072,Décor,Lighting,2026-05-04,5,0.0,1.7,6.3,10.3,3186.67,6405.45
NB-DÉC-072,Décor,Lighting,2026-05-11,6,0.0,2.0,5.4,4.4,3186.67,6405.45
NB-DÉC-072,Décor,Lighting,2026-05-18,7,0.0,0.8,5.4,0.9,3186.67,6405.45
NB-DÉC-072,Décor,Lighting,2026-05-25,8,0.2,0.2,4.7,0.0,3186.67,6405.45
NB-DÉC-073,Décor,Vases & Planters,2026-04-06,1,25.4,7.0,25.4,63.0,2818.36,7564.86
NB-DÉC-073,Décor,Vases & Planters,2026-04-13,2,13.5,7.0,13.5,72.0,2818.36,7564.86
NB-DÉC-073,Décor,Vases & Planters,2026-04-20,3,2.9,4.4,24.7,67.0,2818.36,7564.86
NB-DÉC-073,Décor,Vases & Planters,2026-04-27,4,0.0,5.9,25.3,13.0,2818.36,7564.86
NB-DÉC-073,Décor,Vases & Planters,2026-05-04,5,0.2,3.8,19.4,25.4,2818.36,7564.86
NB-DÉC-073,Décor,Vases & Planters,2026-05-11,6,0.0,1.3,9.0,13.5,2818.36,7564.86
NB-DÉC-073,Décor,Vases & Planters,2026-05-18,7,0.0,0.9,5.4,2.9,2818.36,7564.86
NB-DÉC-073,Décor,Vases & Planters,2026-05-25,8,0.0,0.1,2.9,0.0,2818.36,7564.86
NB-DÉC-074,Décor,Wall Art,2026-04-06,1,12.4,7.2,31.5,59.0,3269.87,6659.87
NB-DÉC-074,Décor,Wall Art,2026-04-13,2,9.0,6.3,26.2,49.0,3269.87,6659.87
NB-DÉC-074,Décor,Wall Art,2026-04-20,3,0.0,5.8,22.0,52.0,3269.87,6659.87
NB-DÉC-074,Décor,Wall Art,2026-04-27,4,0.0,5.5,19.0,21.0,3269.87,6659.87
NB-DÉC-074,Décor,Wall Art,2026-05-04,5,0.1,2.2,8.2,12.4,3269.87,6659.87
NB-DÉC-074,Décor,Wall Art,2026-05-11,6,0.0,2.2,10.0,9.0,3269.87,6659.87
NB-DÉC-074,Décor,Wall Art,2026-05-18,7,0.0,2.0,5.0,0.0,3269.87,6659.87
NB-DÉC-074,Décor,Wall Art,2026-05-25,8,0.0,0.2,5.8,0.0,3269.87,6659.87
NB-DÉC-075,Décor,Wall Art,2026-04-06,1,10.7,6.9,27.4,62.0,3132.39,5715.94
NB-DÉC-075,Décor,Wall Art,2026-04-13,2,3.8,6.8,24.1,38.0,3132.39,5715.94
NB-DÉC-075,Décor,Wall Art,2026-04-20,3,1.4,6.6,27.0,55.0,3132.39,5715.94
NB-DÉC-075,Décor,Wall Art,2026-04-27,4,0.7,1.3,12.3,15.0,3132.39,5715.94
NB-DÉC-075,Décor,Wall Art,2026-05-04,5,0.1,2.1,8.6,10.7,3132.39,5715.94
NB-DÉC-075,Décor,Wall Art,2026-05-11,6,0.0,1.6,6.3,3.8,3132.39,5715.94
NB-DÉC-075,Décor,Wall Art,2026-05-18,7,0.0,1.9,4.2,1.4,3132.39,5715.94
NB-DÉC-075,Décor,Wall Art,2026-05-25,8,0.4,0.2,5.2,0.7,3132.39,5715.94
NB-DÉC-076,Décor,Mirrors,2026-04-06,1,32.2,13.0,45.7,120.0,2886.93,7690.97
NB-DÉC-076,Décor,Mirrors,2026-04-13,2,38.9,12.4,38.9,128.0,2886.93,7690.97
NB-DÉC-076,Décor,Mirrors,2026-04-20,3,44.9,12.6,44.9,141.0,2886.93,7690.97
NB-DÉC-076,Décor,Mirrors,2026-04-27,4,31.6,10.0,31.6,30.0,2886.93,7690.97
NB-DÉC-076,Décor,Mirrors,2026-05-04,5,21.7,9.4,21.7,32.2,2886.93,7690.97
NB-DÉC-076,Décor,Mirrors,2026-05-11,6,16.3,6.6,16.3,38.9,2886.93,7690.97
NB-DÉC-076,Décor,Mirrors,2026-05-18,7,7.2,6.1,7.2,44.9,2886.93,7690.97
NB-DÉC-076,Décor,Mirrors,2026-05-25,8,4.9,5.3,4.9,31.6,2886.93,7690.97
NB-DÉC-077,Décor,Wall Art,2026-04-06,1,25.0,7.9,25.0,74.0,2840.86,5420.63
NB-DÉC-077,Décor,Wall Art,2026-04-13,2,20.3,8.9,20.3,54.0,2840.86,5420.63
NB-DÉC-077,Décor,Wall Art,2026-04-20,3,11.0,7.2,12.1,72.0,2840.86,5420.63
NB-DÉC-077,Décor,Wall Art,2026-04-27,4,0.2,6.1,16.6,23.0,2840.86,5420.63
NB-DÉC-077,Décor,Wall Art,2026-05-04,5,0.7,5.1,20.4,25.0,2840.86,5420.63
NB-DÉC-077,Décor,Wall Art,2026-05-11,6,1.3,5.8,14.9,20.3,2840.86,5420.63
NB-DÉC-077,Décor,Wall Art,2026-05-18,7,0.0,1.6,8.6,11.0,2840.86,5420.63
NB-DÉC-077,Décor,Wall Art,2026-05-25,8,0.0,1.5,4.6,0.2,2840.86,5420.63
NB-DÉC-078,Décor,Wall Art,2026-04-06,1,36.5,11.5,36.5,120.0,1018.68,2769.23
NB-DÉC-078,Décor,Wall Art,2026-04-13,2,45.9,12.4,45.9,79.0,1018.68,2769.23
NB-DÉC-078,Décor,Wall Art,2026-04-20,3,31.7,11.5,31.7,118.0,1018.68,2769.23
NB-DÉC-078,Décor,Wall Art,2026-04-27,4,18.6,8.8,18.6,21.0,1018.68,2769.23
NB-DÉC-078,Décor,Wall Art,2026-05-04,5,11.4,6.7,11.4,36.5,1018.68,2769.23
NB-DÉC-078,Décor,Wall Art,2026-05-11,6,8.8,5.5,8.8,45.9,1018.68,2769.23
NB-DÉC-078,Décor,Wall Art,2026-05-18,7,0.5,5.5,0.5,31.7,1018.68,2769.23
NB-DÉC-078,Décor,Wall Art,2026-05-25,8,0.5,3.2,13.2,18.6,1018.68,2769.23
NB-DÉC-079,Décor,Wall Art,2026-04-06,1,32.6,11.0,32.6,82.0,1091.06,2684.04
NB-DÉC-079,Décor,Wall Art,2026-04-13,2,29.9,9.3,29.9,79.0,1091.06,2684.04
NB-DÉC-079,Décor,Wall Art,2026-04-20,3,22.5,9.0,22.5,96.0,1091.06,2684.04
NB-DÉC-079,Décor,Wall Art,2026-04-27,4,10.6,7.0,10.6,23.0,1091.06,2684.04
NB-DÉC-079,Décor,Wall Art,2026-05-04,5,5.4,5.4,5.4,32.6,1091.06,2684.04
NB-DÉC-079,Décor,Wall Art,2026-05-11,6,0.0,5.3,27.8,29.9,1091.06,2684.04
NB-DÉC-079,Décor,Wall Art,2026-05-18,7,1.4,5.2,15.0,22.5,1091.06,2684.04
NB-DÉC-079,Décor,Wall Art,2026-05-25,8,0.0,0.4,18.1,10.6,1091.06,2684.04
NB-DÉC-080,Décor,Lighting,2026-04-06,1,28.7,9.4,28.7,104.0,3397.36,7063.54
NB-DÉC-080,Décor,Lighting,2026-04-13,2,27.5,10.1,27.5,83.0,3397.36,7063.54
NB-DÉC-080,Décor,Lighting,2026-04-20,3,17.7,9.3,17.7,81.0,3397.36,7063.54
NB-DÉC-080,Décor,Lighting,2026-04-27,4,5.5,7.6,5.5,21.0,3397.36,7063.54
NB-DÉC-080,Décor,Lighting,2026-05-04,5,3.8,6.2,11.4,28.7,3397.36,7063.54
NB-DÉC-080,Décor,Lighting,2026-05-11,6,0.0,5.4,15.5,27.5,3397.36,7063.54
NB-DÉC-080,Décor,Lighting,2026-05-18,7,1.2,1.0,12.4,17.7,3397.36,7063.54
NB-DÉC-080,Décor,Lighting,2026-05-25,8,0.0,1.2,18.2,5.5,3397.36,7063.54
NB-DÉC-081,Décor,Candles,2026-04-06,1,29.7,7.8,29.7,73.0,1426.56,2607.18
NB-DÉC-081,Décor,Candles,2026-04-13,2,22.5,10.1,22.5,65.0,1426.56,2607.18
NB-DÉC-081,Décor,Candles,2026-04-20,3,16.7,8.6,16.7,74.0,1426.56,2607.18
NB-DÉC-081,Décor,Candles,2026-04-27,4,0.6,6.2,18.2,23.0,1426.56,2607.18
NB-DÉC-081,Décor,Candles,2026-05-04,5,0.7,6.2,27.3,29.7,1426.56,2607.18
NB-DÉC-081,Décor,Candles,2026-05-11,6,1.5,4.5,15.7,22.5,1426.56,2607.18
NB-DÉC-081,Décor,Candles,2026-05-18,7,0.0,1.1,16.6,16.7,1426.56,2607.18
NB-DÉC-081,Décor,Candles,2026-05-25,8,0.0,1.6,9.7,0.6,1426.56,2607.18
NB-DÉC-082,Décor,Wall Art,2026-04-06,1,36.5,10.8,36.5,111.0,2199.83,6123.34
NB-DÉC-082,Décor,Wall Art,2026-04-13,2,24.6,8.4,24.6,68.0,2199.83,6123.34
NB-DÉC-082,Décor,Wall Art,2026-04-20,3,16.8,6.9,16.8,83.0,2199.83,6123.34
NB-DÉC-082,Décor,Wall Art,2026-04-27,4,6.2,6.8,6.2,12.0,2199.83,6123.34
NB-DÉC-082,Décor,Wall Art,2026-05-04,5,2.5,5.4,12.4,36.5,2199.83,6123.34
NB-DÉC-082,Décor,Wall Art,2026-05-11,6,1.9,3.9,14.9,24.6,2199.83,6123.34
NB-DÉC-082,Décor,Wall Art,2026-05-18,7,1.1,0.7,12.7,16.8,2199.83,6123.34
NB-DÉC-082,Décor,Wall Art,2026-05-25,8,0.4,0.5,13.2,6.2,2199.83,6123.34
NB-DÉC-083,Décor,Mirrors,2026-04-06,1,30.1,8.0,30.1,89.0,1471.63,3806.27
NB-DÉC-083,Décor,Mirrors,2026-04-13,2,22.2,8.2,22.2,64.0,1471.63,3806.27
NB-DÉC-083,Décor,Mirrors,2026-04-20,3,14.4,7.0,14.4,77.0,1471.63,3806.27
NB-DÉC-083,Décor,Mirrors,2026-04-27,4,0.7,6.7,15.4,17.0,1471.63,3806.27
NB-DÉC-083,Décor,Mirrors,2026-05-04,5,1.1,5.8,27.7,30.1,1471.63,3806.27
NB-DÉC-083,Décor,Mirrors,2026-05-11,6,1.3,5.1,14.5,22.2,1471.63,3806.27
NB-DÉC-083,Décor,Mirrors,2026-05-18,7,0.0,0.6,12.0,14.4,1471.63,3806.27
NB-DÉC-083,Décor,Mirrors,2026-05-25,8,0.0,1.0,8.9,0.7,1471.63,3806.27
NB-DÉC-084,Décor,Candles,2026-04-06,1,12.4,6.1,33.2,60.0,758.5,2047.57
NB-DÉC-084,Décor,Candles,2026-04-13,2,3.5,4.8,25.3,40.0,758.5,2047.57
NB-DÉC-084,Décor,Candles,2026-04-20,3,0.2,4.9,39.6,63.0,758.5,2047.57
NB-DÉC-084,Décor,Candles,2026-04-27,4,0.2,6.5,7.6,17.0,758.5,2047.57
NB-DÉC-084,Décor,Candles,2026-05-04,5,0.0,1.8,8.3,12.4,758.5,2047.57
NB-DÉC-084,Décor,Candles,2026-05-11,6,0.0,1.2,6.3,3.5,758.5,2047.57
NB-DÉC-084,Décor,Candles,2026-05-18,7,0.0,1.5,5.6,0.2,758.5,2047.57
NB-DÉC-084,Décor,Candles,2026-05-25,8,0.0,0.0,5.1,0.2,758.5,2047.57
NB-DÉC-085,Décor,Mirrors,2026-04-06,1,31.6,11.1,31.6,92.0,405.24,1104.51
NB-DÉC-085,Décor,Mirrors,2026-04-13,2,34.0,11.5,34.0,97.0,405.24,1104.51
NB-DÉC-085,Décor,Mirrors,2026-04-20,3,22.0,10.2,22.0,90.0,405.24,1104.51
NB-DÉC-085,Décor,Mirrors,2026-04-27,4,10.2,7.0,10.2,25.0,405.24,1104.51
NB-DÉC-085,Décor,Mirrors,2026-05-04,5,5.8,5.5,5.8,31.6,405.24,1104.51
NB-DÉC-085,Décor,Mirrors,2026-05-11,6,0.0,5.6,26.1,34.0,405.24,1104.51
NB-DÉC-085,Décor,Mirrors,2026-05-18,7,0.4,5.3,12.9,22.0,405.24,1104.51
NB-DÉC-085,Décor,Mirrors,2026-05-25,8,0.0,0.5,18.1,10.2,405.24,1104.51
NB-DÉC-086,Décor,Wall Art,2026-04-06,1,10.9,8.3,27.9,61.0,1529.09,2859.36
NB-DÉC-086,Décor,Wall Art,2026-04-13,2,3.5,6.5,24.1,53.0,1529.09,2859.36
NB-DÉC-086,Décor,Wall Art,2026-04-20,3,0.0,5.7,31.8,51.0,1529.09,2859.36
NB-DÉC-086,Décor,Wall Art,2026-04-27,4,0.0,1.8,16.2,14.0,1529.09,2859.36
NB-DÉC-086,Décor,Wall Art,2026-05-04,5,0.0,2.2,8.6,10.9,1529.09,2859.36
NB-DÉC-086,Décor,Wall Art,2026-05-11,6,0.0,2.0,5.0,3.5,1529.09,2859.36
NB-DÉC-086,Décor,Wall Art,2026-05-18,7,0.0,1.8,5.0,0.0,1529.09,2859.36
NB-DÉC-086,Décor,Wall Art,2026-05-25,8,0.0,0.1,5.2,0.0,1529.09,2859.36
NB-DÉC-087,Décor,Candles,2026-04-06,1,2.4,5.3,24.2,43.0,1373.14,3636.1
NB-DÉC-087,Décor,Candles,2026-04-13,2,4.1,5.8,15.3,26.0,1373.14,3636.1
NB-DÉC-087,Décor,Candles,2026-04-20,3,0.0,4.9,7.9,43.0,1373.14,3636.1
NB-DÉC-087,Décor,Candles,2026-04-27,4,0.0,1.2,6.3,5.0,1373.14,3636.1
NB-DÉC-087,Décor,Candles,2026-05-04,5,0.0,1.1,6.6,2.4,1373.14,3636.1
NB-DÉC-087,Décor,Candles,2026-05-11,6,0.0,1.1,5.2,4.1,1373.14,3636.1
NB-DÉC-087,Décor,Candles,2026-05-18,7,0.7,0.0,3.3,0.0,1373.14,3636.1
NB-DÉC-087,Décor,Candles,2026-05-25,8,0.0,0.0,5.5,0.0,1373.14,3636.1
NB-DÉC-088,Décor,Candles,2026-04-06,1,29.2,11.6,30.2,98.0,1358.78,3000.72
NB-DÉC-088,Décor,Candles,2026-04-13,2,32.0,11.2,32.0,89.0,1358.78,3000.72
NB-DÉC-088,Décor,Candles,2026-04-20,3,23.5,8.7,23.5,98.0,1358.78,3000.72
NB-DÉC-088,Décor,Candles,2026-04-27,4,12.8,7.4,12.8,26.0,1358.78,3000.72
NB-DÉC-088,Décor,Candles,2026-05-04,5,7.6,6.0,7.6,29.2,1358.78,3000.72
NB-DÉC-088,Décor,Candles,2026-05-11,6,0.6,6.1,27.5,32.0,1358.78,3000.72
NB-DÉC-088,Décor,Candles,2026-05-18,7,1.6,4.6,13.6,23.5,1358.78,3000.72
NB-DÉC-088,Décor,Candles,2026-05-25,8,0.3,1.0,16.1,12.8,1358.78,3000.72
NB-DÉC-089,Décor,Candles,2026-04-06,1,10.7,6.4,31.4,41.0,794.59,1764.34
NB-DÉC-089,Décor,Candles,2026-04-13,2,3.6,5.3,26.4,50.0,794.59,1764.34
NB-DÉC-089,Décor,Candles,2026-04-20,3,0.0,5.5,27.3,60.0,794.59,1764.34
NB-DÉC-089,Décor,Candles,2026-04-27,4,0.0,2.2,7.1,11.0,794.59,1764.34
NB-DÉC-089,Décor,Candles,2026-05-04,5,0.0,1.8,6.7,10.7,794.59,1764.34
NB-DÉC-089,Décor,Candles,2026-05-11,6,0.0,2.0,6.7,3.6,794.59,1764.34
NB-DÉC-089,Décor,Candles,2026-05-18,7,0.0,2.0,3.8,0.0,794.59,1764.34
NB-DÉC-089,Décor,Candles,2026-05-25,8,0.0,0.0,4.7,0.0,794.59,1764.34
NB-DÉC-090,Décor,Wall Art,2026-04-06,1,34.8,13.4,35.6,119.0,2308.1,4849.2
NB-DÉC-090,Décor,Wall Art,2026-04-13,2,46.8,12.7,46.8,92.0,2308.1,4849.2
NB-DÉC-090,Décor,Wall Art,2026-04-20,3,40.8,12.8,40.8,115.0,2308.1,4849.2
NB-DÉC-090,Décor,Wall Art,2026-04-27,4,22.5,10.4,22.5,25.0,2308.1,4849.2
NB-DÉC-090,Décor,Wall Art,2026-05-04,5,17.5,8.6,17.5,34.8,2308.1,4849.2
NB-DÉC-090,Décor,Wall Art,2026-05-11,6,8.4,6.3,8.4,46.8,2308.1,4849.2
NB-DÉC-090,Décor,Wall Art,2026-05-18,7,2.6,5.8,14.1,40.8,2308.1,4849.2
NB-DÉC-090,Décor,Wall Art,2026-05-25,8,1.8,5.3,14.2,22.5,2308.1,4849.2
NB-DÉC-091,Décor,Vases & Planters,2026-04-06,1,37.4,14.6,37.4,118.0,1289.43,2875.28
NB-DÉC-091,Décor,Vases & Planters,2026-04-13,2,41.6,15.0,41.6,100.0,1289.43,2875.28
NB-DÉC-091,Décor,Vases & Planters,2026-04-20,3,43.8,13.5,43.8,119.0,1289.43,2875.28
NB-DÉC-091,Décor,Vases & Planters,2026-04-27,4,24.8,11.8,24.8,36.0,1289.43,2875.28
NB-DÉC-091,Décor,Vases & Planters,2026-05-04,5,19.2,8.4,19.2,37.4,1289.43,2875.28
NB-DÉC-091,Décor,Vases & Planters,2026-05-11,6,11.4,7.0,11.4,41.6,1289.43,2875.28
NB-DÉC-091,Décor,Vases & Planters,2026-05-18,7,7.8,6.0,7.8,43.8,1289.43,2875.28
NB-DÉC-091,Décor,Vases & Planters,2026-05-25,8,1.7,4.7,18.3,24.8,1289.43,2875.28
NB-DÉC-092,Décor,Vases & Planters,2026-04-06,1,35.4,15.3,36.2,114.0,1841.46,4128.85
NB-DÉC-092,Décor,Vases & Planters,2026-04-13,2,40.3,15.1,40.3,104.0,1841.46,4128.85
NB-DÉC-092,Décor,Vases & Planters,2026-04-20,3,42.7,13.4,42.7,114.0,1841.46,4128.85
NB-DÉC-092,Décor,Vases & Planters,2026-04-27,4,22.4,11.8,22.4,37.0,1841.46,4128.85
NB-DÉC-092,Décor,Vases & Planters,2026-05-04,5,17.7,7.3,17.7,35.4,1841.46,4128.85
NB-DÉC-092,Décor,Vases & Planters,2026-05-11,6,10.1,6.7,10.1,40.3,1841.46,4128.85
NB-DÉC-092,Décor,Vases & Planters,2026-05-18,7,3.3,6.0,3.3,42.7,1841.46,4128.85
NB-DÉC-092,Décor,Vases & Planters,2026-05-25,8,2.5,5.9,15.0,22.4,1841.46,4128.85
NB-DÉC-093,Décor,Wall Art,2026-04-06,1,23.5,7.1,23.5,76.0,2442.44,5089.52
NB-DÉC-093,Décor,Wall Art,2026-04-13,2,19.7,7.4,19.7,69.0,2442.44,5089.52
NB-DÉC-093,Décor,Wall Art,2026-04-20,3,3.6,5.8,23.8,64.0,2442.44,5089.52
NB-DÉC-093,Décor,Wall Art,2026-04-27,4,0.0,6.3,25.9,13.0,2442.44,5089.52
NB-DÉC-093,Décor,Wall Art,2026-05-04,5,1.1,4.3,19.5,23.5,2442.44,5089.52
NB-DÉC-093,Décor,Wall Art,2026-05-11,6,0.6,1.0,15.6,19.7,2442.44,5089.52
NB-DÉC-093,Décor,Wall Art,2026-05-18,7,0.0,2.0,8.6,3.6,2442.44,5089.52
NB-DÉC-093,Décor,Wall Art,2026-05-25,8,0.0,0.8,4.0,0.0,2442.44,5089.52
NB-DÉC-094,Décor,Vases & Planters,2026-04-06,1,6.0,4.3,23.6,38.0,689.5,1897.5
NB-DÉC-094,Décor,Vases & Planters,2026-04-13,2,1.0,4.7,13.0,37.0,689.5,1897.5
NB-DÉC-094,Décor,Vases & Planters,2026-04-20,3,0.0,2.4,6.9,34.0,689.5,1897.5
NB-DÉC-094,Décor,Vases & Planters,2026-04-27,4,0.0,1.2,6.3,6.0,689.5,1897.5
NB-DÉC-094,Décor,Vases & Planters,2026-05-04,5,0.0,1.1,6.6,6.0,689.5,1897.5
NB-DÉC-094,Décor,Vases & Planters,2026-05-11,6,0.0,1.0,5.4,1.0,689.5,1897.5
NB-DÉC-094,Décor,Vases & Planters,2026-05-18,7,0.5,0.0,6.7,0.0,689.5,1897.5
NB-DÉC-094,Décor,Vases & Planters,2026-05-25,8,0.0,0.0,5.4,0.0,689.5,1897.5
NB-DÉC-095,Décor,Wall Art,2026-04-06,1,32.3,14.1,38.4,128.0,2900.34,5647.99
NB-DÉC-095,Décor,Wall Art,2026-04-13,2,45.5,12.9,45.5,118.0,2900.34,5647.99
NB-DÉC-095,Décor,Wall Art,2026-04-20,3,35.6,11.7,35.6,93.0,2900.34,5647.99
NB-DÉC-095,Décor,Wall Art,2026-04-27,4,21.7,10.1,21.7,31.0,2900.34,5647.99
NB-DÉC-095,Décor,Wall Art,2026-05-04,5,17.7,7.5,17.7,32.3,2900.34,5647.99
NB-DÉC-095,Décor,Wall Art,2026-05-11,6,8.2,6.6,8.2,45.5,2900.34,5647.99
NB-DÉC-095,Décor,Wall Art,2026-05-18,7,2.6,6.2,4.6,35.6,2900.34,5647.99
NB-DÉC-095,Décor,Wall Art,2026-05-25,8,1.6,5.4,14.2,21.7,2900.34,5647.99
NB-DÉC-096,Décor,Mirrors,2026-04-06,1,26.6,8.1,26.6,72.0,2907.569126919706,5894.55
NB-DÉC-096,Décor,Mirrors,2026-04-13,2,18.4,7.1,18.4,55.0,2907.569126919706,5894.55
NB-DÉC-096,Décor,Mirrors,2026-04-20,3,10.6,6.5,27.8,66.0,2907.569126919706,5894.55
NB-DÉC-096,Décor,Mirrors,2026-04-27,4,0.3,6.2,16.5,23.0,2907.569126919706,5894.55
NB-DÉC-096,Décor,Mirrors,2026-05-04,5,0.7,5.0,20.3,26.6,2907.569126919706,5894.55
NB-DÉC-096,Décor,Mirrors,2026-05-11,6,0.7,1.1,14.6,18.4,2907.569126919706,5894.55
NB-DÉC-096,Décor,Mirrors,2026-05-18,7,0.0,1.6,8.3,10.6,2907.569126919706,5894.55
NB-DÉC-096,Décor,Mirrors,2026-05-25,8,0.0,1.5,4.6,0.3,2907.569126919706,5894.55
NB-DÉC-097,Décor,Candles,2026-04-06,1,34.3,12.0,37.3,112.0,1002.75,2503.22
NB-DÉC-097,Décor,Candles,2026-04-13,2,45.0,12.4,45.0,107.0,1002.75,2503.22
NB-DÉC-097,Décor,Candles,2026-04-20,3,37.8,11.7,37.8,115.0,1002.75,2503.22
NB-DÉC-097,Décor,Candles,2026-04-27,4,19.7,8.2,19.7,26.0,1002.75,2503.22
NB-DÉC-097,Décor,Candles,2026-05-04,5,17.4,6.6,17.4,34.3,1002.75,2503.22
NB-DÉC-097,Décor,Candles,2026-05-11,6,9.2,5.7,9.2,45.0,1002.75,2503.22
NB-DÉC-097,Décor,Candles,2026-05-18,7,2.4,5.6,2.4,37.8,1002.75,2503.22
NB-DÉC-097,Décor,Candles,2026-05-25,8,1.4,4.9,14.3,19.7,1002.75,2503.22
NB-DÉC-098,Décor,Wall Art,2026-04-06,1,37.9,12.1,43.2,140.0,2433.78,4394.3
NB-DÉC-098,Décor,Wall Art,2026-04-13,2,38.9,12.7,38.9,96.0,2433.78,4394.3
NB-DÉC-098,Décor,Wall Art,2026-04-20,3,41.4,12.6,41.4,131.0,2433.78,4394.3
NB-DÉC-098,Décor,Wall Art,2026-04-27,4,21.7,10.1,21.7,22.0,2433.78,4394.3
NB-DÉC-098,Décor,Wall Art,2026-05-04,5,16.4,7.3,16.4,37.9,2433.78,4394.3
NB-DÉC-098,Décor,Wall Art,2026-05-11,6,8.5,6.4,8.5,38.9,2433.78,4394.3
NB-DÉC-098,Décor,Wall Art,2026-05-18,7,2.7,5.9,13.7,41.4,2433.78,4394.3
NB-DÉC-098,Décor,Wall Art,2026-05-25,8,2.4,5.4,14.4,21.7,2433.78,4394.3
NB-DÉC-099,Décor,Lighting,2026-04-06,1,31.3,16.6,35.4,119.0,2813.1,5679.2
NB-DÉC-099,Décor,Lighting,2026-04-13,2,43.8,13.2,43.8,102.0,2813.1,5679.2
NB-DÉC-099,Décor,Lighting,2026-04-20,3,34.4,12.2,34.4,100.0,2813.1,5679.2
NB-DÉC-099,Décor,Lighting,2026-04-27,4,19.3,10.2,19.3,35.0,2813.1,5679.2
NB-DÉC-099,Décor,Lighting,2026-05-04,5,12.3,7.0,12.3,31.3,2813.1,5679.2
NB-DÉC-099,Décor,Lighting,2026-05-11,6,8.5,6.3,8.5,43.8,2813.1,5679.2
NB-DÉC-099,Décor,Lighting,2026-05-18,7,3.6,6.1,3.6,34.4,2813.1,5679.2
NB-DÉC-099,Décor,Lighting,2026-05-25,8,0.0,3.3,13.9,19.3,2813.1,5679.2
NB-DÉC-100,Décor,Candles,2026-04-06,1,17.5,7.7,30.3,74.0,1840.1,4337.86
NB-DÉC-100,Décor,Candles,2026-04-13,2,8.1,4.9,26.2,50.0,1840.1,4337.86
NB-DÉC-100,Décor,Candles,2026-04-20,3,0.0,5.9,30.9,54.0,1840.1,4337.86
NB-DÉC-100,Décor,Candles,2026-04-27,4,0.1,5.7,17.7,13.0,1840.1,4337.86
NB-DÉC-100,Décor,Candles,2026-05-04,5,0.5,1.1,11.2,17.5,1840.1,4337.86
NB-DÉC-100,Décor,Candles,2026-05-11,6,0.0,2.2,9.6,8.1,1840.1,4337.86
NB-DÉC-100,Décor,Candles,2026-05-18,7,0.0,2.0,5.0,0.0,1840.1,4337.86
NB-DÉC-100,Décor,Candles,2026-05-25,8,0.0,0.0,5.5,0.1,1840.1,4337.86
NB-FUR-001,Furnishings,Seating,2026-04-06,1,30.4,25.6,90.9,215.0,2887.67,5255.63
NB-FUR-001,Furnishings,Seating,2026-04-13,2,22.4,12.7,49.0,182.0,2887.67,5255.63
NB-FUR-001,Furnishings,Seating,2026-04-20,3,36.4,13.7,42.7,217.0,2887.67,5255.63
NB-FUR-001,Furnishings,Seating,2026-04-27,4,32.1,9.8,32.1,51.0,2887.67,5255.63
NB-FUR-001,Furnishings,Seating,2026-05-04,5,28.2,9.7,28.2,30.4,2887.67,5255.63
NB-FUR-001,Furnishings,Seating,2026-05-11,6,18.6,9.8,18.6,22.4,2887.67,5255.63
NB-FUR-001,Furnishings,Seating,2026-05-18,7,15.0,7.0,15.0,36.4,2887.67,5255.63
NB-FUR-001,Furnishings,Seating,2026-05-25,8,4.9,5.7,4.9,32.1,2887.67,5255.63
NB-FUR-002,Furnishings,Seating,2026-04-06,1,36.7,17.6,75.6,189.0,12988.84,30052.85
NB-FUR-002,Furnishings,Seating,2026-04-13,2,30.3,16.8,44.0,142.0,12988.84,30052.85
NB-FUR-002,Furnishings,Seating,2026-04-20,3,45.1,11.6,45.1,172.0,12988.84,30052.85
NB-FUR-002,Furnishings,Seating,2026-04-27,4,28.0,11.2,28.0,43.0,12988.84,30052.85
NB-FUR-002,Furnishings,Seating,2026-05-04,5,33.1,8.3,33.1,36.7,12988.84,30052.85
NB-FUR-002,Furnishings,Seating,2026-05-11,6,27.0,8.5,27.0,30.3,12988.84,30052.85
NB-FUR-002,Furnishings,Seating,2026-05-18,7,17.0,7.9,17.0,45.1,12988.84,30052.85
NB-FUR-002,Furnishings,Seating,2026-05-25,8,2.8,4.9,2.8,28.0,12988.84,30052.85
NB-FUR-003,Furnishings,Seating,2026-04-06,1,46.9,47.8,101.0,251.0,2961.86,5257.04
NB-FUR-003,Furnishings,Seating,2026-04-13,2,38.0,25.7,92.7,203.0,2961.86,5257.04
NB-FUR-003,Furnishings,Seating,2026-04-20,3,33.6,28.3,49.0,298.0,2961.86,5257.04
NB-FUR-003,Furnishings,Seating,2026-04-27,4,31.6,14.7,31.6,61.0,2961.86,5257.04
NB-FUR-003,Furnishings,Seating,2026-05-04,5,31.1,14.7,31.1,46.9,2961.86,5257.04
NB-FUR-003,Furnishings,Seating,2026-05-11,6,30.7,9.0,30.7,38.0,2961.86,5257.04
NB-FUR-003,Furnishings,Seating,2026-05-18,7,23.4,7.9,23.4,33.6,2961.86,5257.04
NB-FUR-003,Furnishings,Seating,2026-05-25,8,13.1,6.9,13.1,31.6,2961.86,5257.04
NB-FUR-004,Furnishings,Bedding,2026-04-06,1,73.2,65.4,149.9,402.0,5581.98,11833.28
NB-FUR-004,Furnishings,Bedding,2026-04-13,2,60.4,52.6,149.8,344.0,5581.98,11833.28
NB-FUR-004,Furnishings,Bedding,2026-04-20,3,49.5,35.1,94.7,409.0,5581.98,11833.28
NB-FUR-004,Furnishings,Bedding,2026-04-27,4,50.4,21.6,50.4,110.0,5581.98,11833.28
NB-FUR-004,Furnishings,Bedding,2026-05-04,5,45.2,18.1,45.2,73.2,5581.98,11833.28
NB-FUR-004,Furnishings,Bedding,2026-05-11,6,43.2,18.0,43.2,60.4,5581.98,11833.28
NB-FUR-004,Furnishings,Bedding,2026-05-18,7,44.6,17.5,44.6,49.5,5581.98,11833.28
NB-FUR-004,Furnishings,Bedding,2026-05-25,8,32.7,11.6,32.7,50.4,5581.98,11833.28
NB-FUR-005,Furnishings,Rugs,2026-04-06,1,34.1,16.6,76.6,183.0,11633.62,26147.08
NB-FUR-005,Furnishings,Rugs,2026-04-13,2,24.5,15.7,45.0,178.0,11633.62,26147.08
NB-FUR-005,Furnishings,Rugs,2026-04-20,3,46.6,10.3,46.6,182.0,11633.62,26147.08
NB-FUR-005,Furnishings,Rugs,2026-04-27,4,29.6,9.7,29.6,38.0,11633.62,26147.08
NB-FUR-005,Furnishings,Rugs,2026-05-04,5,30.2,9.5,30.2,34.1,11633.62,26147.08
NB-FUR-005,Furnishings,Rugs,2026-05-11,6,19.1,8.3,19.1,24.5,11633.62,26147.08
NB-FUR-005,Furnishings,Rugs,2026-05-18,7,19.0,7.1,19.0,46.6,11633.62,26147.08
NB-FUR-005,Furnishings,Rugs,2026-05-25,8,5.3,5.3,5.3,29.6,11633.62,26147.08
NB-FUR-006,Furnishings,Tables,2026-04-06,1,52.2,52.7,146.6,325.0,13321.16,24939.88
NB-FUR-006,Furnishings,Tables,2026-04-13,2,47.9,35.9,93.6,250.0,13321.16,24939.88
NB-FUR-006,Furnishings,Tables,2026-04-20,3,41.7,29.5,50.1,299.0,13321.16,24939.88
NB-FUR-006,Furnishings,Tables,2026-04-27,4,39.9,17.8,39.9,65.0,13321.16,24939.88
NB-FUR-006,Furnishings,Tables,2026-05-04,5,42.7,17.4,42.7,52.2,13321.16,24939.88
NB-FUR-006,Furnishings,Tables,2026-05-11,6,39.6,15.0,39.6,47.9,13321.16,24939.88
NB-FUR-006,Furnishings,Tables,2026-05-18,7,35.0,11.8,35.0,41.7,13321.16,24939.88
NB-FUR-006,Furnishings,Tables,2026-05-25,8,24.9,10.7,24.9,39.9,13321.16,24939.88
NB-FUR-007,Furnishings,Shelving,2026-04-06,1,48.2,60.0,141.2,336.0,4084.26,7776.19
NB-FUR-007,Furnishings,Shelving,2026-04-13,2,49.8,34.2,122.4,288.0,4084.26,7776.19
NB-FUR-007,Furnishings,Shelving,2026-04-20,3,45.7,31.1,70.8,332.0,4084.26,7776.19
NB-FUR-007,Furnishings,Shelving,2026-04-27,4,38.1,17.5,38.1,76.0,4084.26,7776.19
NB-FUR-007,Furnishings,Shelving,2026-05-04,5,37.8,15.9,37.8,48.2,4084.26,7776.19
NB-FUR-007,Furnishings,Shelving,2026-05-11,6,37.5,16.9,37.5,49.8,4084.26,7776.19
NB-FUR-007,Furnishings,Shelving,2026-05-18,7,35.9,11.7,35.9,45.7,4084.26,7776.19
NB-FUR-007,Furnishings,Shelving,2026-05-25,8,22.7,10.3,22.7,38.1,4084.26,7776.19
NB-FUR-008,Furnishings,Bedding,2026-04-06,1,28.2,19.4,86.0,201.0,6600.07,10789.53
NB-FUR-008,Furnishings,Bedding,2026-04-13,2,21.8,14.0,46.9,160.0,6600.07,10789.53
NB-FUR-008,Furnishings,Bedding,2026-04-20,3,39.9,9.7,39.9,199.0,6600.07,10789.53
NB-FUR-008,Furnishings,Bedding,2026-04-27,4,22.9,10.1,22.9,43.0,6600.07,10789.53
NB-FUR-008,Furnishings,Bedding,2026-05-04,5,25.9,8.7,25.9,28.2,6600.07,10789.53
NB-FUR-008,Furnishings,Bedding,2026-05-11,6,21.6,8.2,21.6,21.8,6600.07,10789.53
NB-FUR-008,Furnishings,Bedding,2026-05-18,7,11.9,7.2,11.9,39.9,6600.07,10789.53
NB-FUR-008,Furnishings,Bedding,2026-05-25,8,3.9,5.2,3.9,22.9,6600.07,10789.53
NB-FUR-009,Furnishings,Rugs,2026-04-06,1,49.4,58.9,142.6,323.0,3721.4,6827.07
NB-FUR-009,Furnishings,Rugs,2026-04-13,2,48.7,37.0,115.6,288.0,3721.4,6827.07
NB-FUR-009,Furnishings,Rugs,2026-04-20,3,45.7,30.3,58.0,314.0,3721.4,6827.07
NB-FUR-009,Furnishings,Rugs,2026-04-27,4,39.8,17.6,39.8,84.0,3721.4,6827.07
NB-FUR-009,Furnishings,Rugs,2026-05-04,5,39.8,16.9,39.8,49.4,3721.4,6827.07
NB-FUR-009,Furnishings,Rugs,2026-05-11,6,38.8,15.3,38.8,48.7,3721.4,6827.07
NB-FUR-009,Furnishings,Rugs,2026-05-18,7,38.8,11.8,38.8,45.7,3721.4,6827.07
NB-FUR-009,Furnishings,Rugs,2026-05-25,8,24.3,11.5,24.3,39.8,3721.4,6827.07
NB-FUR-010,Furnishings,Shelving,2026-04-06,1,38.5,35.9,90.3,215.0,11448.96,24771.63
NB-FUR-010,Furnishings,Shelving,2026-04-13,2,35.8,22.1,62.9,203.0,11448.96,24771.63
NB-FUR-010,Furnishings,Shelving,2026-04-20,3,30.9,16.5,41.0,215.0,11448.96,24771.63
NB-FUR-010,Furnishings,Shelving,2026-04-27,4,29.6,13.5,29.6,54.0,11448.96,24771.63
NB-FUR-010,Furnishings,Shelving,2026-05-04,5,31.0,9.2,31.0,38.5,11448.96,24771.63
NB-FUR-010,Furnishings,Shelving,2026-05-11,6,22.3,7.7,22.3,35.8,11448.96,24771.63
NB-FUR-010,Furnishings,Shelving,2026-05-18,7,19.1,7.4,19.1,30.9,11448.96,24771.63
NB-FUR-010,Furnishings,Shelving,2026-05-25,8,9.9,6.9,9.9,29.6,11448.96,24771.63
NB-FUR-011,Furnishings,Shelving,2026-04-06,1,46.2,54.5,137.6,313.0,17770.93,40593.32
NB-FUR-011,Furnishings,Shelving,2026-04-13,2,42.1,24.7,90.9,232.0,17770.93,40593.32
NB-FUR-011,Furnishings,Shelving,2026-04-20,3,45.4,28.9,49.1,294.0,17770.93,40593.32
NB-FUR-011,Furnishings,Shelving,2026-04-27,4,39.5,16.7,39.5,69.0,17770.93,40593.32
NB-FUR-011,Furnishings,Shelving,2026-05-04,5,41.9,15.0,41.9,46.2,17770.93,40593.32
NB-FUR-011,Furnishings,Shelving,2026-05-11,6,41.2,14.8,41.2,42.1,17770.93,40593.32
NB-FUR-011,Furnishings,Shelving,2026-05-18,7,36.5,11.7,36.5,45.4,17770.93,40593.32
NB-FUR-011,Furnishings,Shelving,2026-05-25,8,28.2,10.7,28.2,39.5,17770.93,40593.32
NB-FUR-012,Furnishings,Shelving,2026-04-06,1,53.7,50.3,146.8,306.0,9527.86,21602.41
NB-FUR-012,Furnishings,Shelving,2026-04-13,2,46.5,37.7,93.3,254.0,9527.86,21602.41
NB-FUR-012,Furnishings,Shelving,2026-04-20,3,41.1,29.3,48.9,309.0,9527.86,21602.41
NB-FUR-012,Furnishings,Shelving,2026-04-27,4,37.1,16.7,37.1,61.0,9527.86,21602.41
NB-FUR-012,Furnishings,Shelving,2026-05-04,5,38.3,14.7,38.3,53.7,9527.86,21602.41
NB-FUR-012,Furnishings,Shelving,2026-05-11,6,35.5,14.5,35.5,46.5,9527.86,21602.41
NB-FUR-012,Furnishings,Shelving,2026-05-18,7,29.3,10.9,29.3,41.1,9527.86,21602.41
NB-FUR-012,Furnishings,Shelving,2026-05-25,8,20.0,7.6,20.0,37.1,9527.86,21602.41
NB-FUR-013,Furnishings,Tables,2026-04-06,1,45.0,49.9,101.1,271.0,12887.72,27856.24
NB-FUR-013,Furnishings,Tables,2026-04-13,2,37.3,24.7,90.9,230.0,12887.72,27856.24
NB-FUR-013,Furnishings,Tables,2026-04-20,3,39.6,29.0,48.7,278.0,12887.72,27856.24
NB-FUR-013,Furnishings,Tables,2026-04-27,4,35.6,14.5,35.6,66.0,12887.72,27856.24
NB-FUR-013,Furnishings,Tables,2026-05-04,5,33.7,15.1,33.7,45.0,12887.72,27856.24
NB-FUR-013,Furnishings,Tables,2026-05-11,6,31.2,12.4,31.2,37.3,12887.72,27856.24
NB-FUR-013,Furnishings,Tables,2026-05-18,7,28.2,8.2,28.2,39.6,12887.72,27856.24
NB-FUR-013,Furnishings,Tables,2026-05-25,8,16.6,7.6,16.6,35.6,12887.72,27856.24
NB-FUR-014,Furnishings,Bedding,2026-04-06,1,37.2,16.1,63.4,173.0,12342.16,25021.41
NB-FUR-014,Furnishings,Bedding,2026-04-13,2,30.1,16.2,36.7,135.0,12342.16,25021.41
NB-FUR-014,Furnishings,Bedding,2026-04-20,3,45.2,11.6,45.2,165.0,12342.16,25021.41
NB-FUR-014,Furnishings,Bedding,2026-04-27,4,32.7,10.8,32.7,36.0,12342.16,25021.41
NB-FUR-014,Furnishings,Bedding,2026-05-04,5,29.1,10.5,29.1,37.2,12342.16,25021.41
NB-FUR-014,Furnishings,Bedding,2026-05-11,6,26.4,9.0,26.4,30.1,12342.16,25021.41
NB-FUR-014,Furnishings,Bedding,2026-05-18,7,14.9,7.1,14.9,45.2,12342.16,25021.41
NB-FUR-014,Furnishings,Bedding,2026-05-25,8,8.3,5.2,8.3,32.7,12342.16,25021.41
NB-FUR-015,Furnishings,Rugs,2026-04-06,1,49.2,55.9,140.4,347.0,6684.19,15643.1
NB-FUR-015,Furnishings,Rugs,2026-04-13,2,49.9,38.4,128.6,323.0,6684.19,15643.1
NB-FUR-015,Furnishings,Rugs,2026-04-20,3,46.3,33.4,75.6,352.0,6684.19,15643.1
NB-FUR-015,Furnishings,Rugs,2026-04-27,4,38.6,17.6,38.6,69.0,6684.19,15643.1
NB-FUR-015,Furnishings,Rugs,2026-05-04,5,39.6,16.1,39.6,49.2,6684.19,15643.1
NB-FUR-015,Furnishings,Rugs,2026-05-11,6,39.1,17.1,39.1,49.9,6684.19,15643.1
NB-FUR-015,Furnishings,Rugs,2026-05-18,7,38.6,11.8,38.6,46.3,6684.19,15643.1
NB-FUR-015,Furnishings,Rugs,2026-05-25,8,23.9,10.5,23.9,38.6,6684.19,15643.1
NB-FUR-016,Furnishings,Shelving,2026-04-06,1,39.2,39.2,91.2,238.0,17049.65428148134,34564.97
NB-FUR-016,Furnishings,Shelving,2026-04-13,2,35.6,19.9,63.5,199.0,17049.65428148134,34564.97
NB-FUR-016,Furnishings,Shelving,2026-04-20,3,33.1,16.6,41.1,210.0,17049.65428148134,34564.97
NB-FUR-016,Furnishings,Shelving,2026-04-27,4,35.3,15.2,35.3,55.0,17049.65428148134,34564.97
NB-FUR-016,Furnishings,Shelving,2026-05-04,5,34.6,11.0,34.6,39.2,17049.65428148134,34564.97
NB-FUR-016,Furnishings,Shelving,2026-05-11,6,31.3,9.7,31.3,35.6,17049.65428148134,34564.97
NB-FUR-016,Furnishings,Shelving,2026-05-18,7,29.2,8.2,29.2,33.1,17049.65428148134,34564.97
NB-FUR-016,Furnishings,Shelving,2026-05-25,8,14.8,8.8,14.8,35.3,17049.65428148134,34564.97
NB-FUR-017,Furnishings,Shelving,2026-04-06,1,33.1,15.1,77.1,170.0,8718.05,14410.51
NB-FUR-017,Furnishings,Shelving,2026-04-13,2,26.0,15.5,45.7,166.0,8718.05,14410.51
NB-FUR-017,Furnishings,Shelving,2026-04-20,3,48.1,10.3,48.1,179.0,8718.05,14410.51
NB-FUR-017,Furnishings,Shelving,2026-04-27,4,29.1,10.1,29.1,31.0,8718.05,14410.51
NB-FUR-017,Furnishings,Shelving,2026-05-04,5,29.4,8.7,29.4,33.1,8718.05,14410.51
NB-FUR-017,Furnishings,Shelving,2026-05-11,6,17.2,8.3,17.2,26.0,8718.05,14410.51
NB-FUR-017,Furnishings,Shelving,2026-05-18,7,11.5,6.2,11.5,48.1,8718.05,14410.51
NB-FUR-017,Furnishings,Shelving,2026-05-25,8,0.6,5.2,0.6,29.1,8718.05,14410.51
NB-FUR-018,Furnishings,Shelving,2026-04-06,1,33.4,16.9,48.4,128.0,5795.71,11587.86
NB-FUR-018,Furnishings,Shelving,2026-04-13,2,33.7,17.0,33.7,128.0,5795.71,11587.86
NB-FUR-018,Furnishings,Shelving,2026-04-20,3,45.7,15.3,45.7,138.0,5795.71,11587.86
NB-FUR-018,Furnishings,Shelving,2026-04-27,4,33.5,12.4,33.5,33.0,5795.71,11587.86
NB-FUR-018,Furnishings,Shelving,2026-05-04,5,25.6,11.8,25.6,33.4,5795.71,11587.86
NB-FUR-018,Furnishings,Shelving,2026-05-11,6,22.0,7.5,22.0,33.7,5795.71,11587.86
NB-FUR-018,Furnishings,Shelving,2026-05-18,7,8.8,7.2,8.8,45.7,5795.71,11587.86
NB-FUR-018,Furnishings,Shelving,2026-05-25,8,4.9,5.7,4.9,33.5,5795.71,11587.86
NB-FUR-019,Furnishings,Rugs,2026-04-06,1,47.1,53.8,140.9,307.0,4714.51,8069.85
NB-FUR-019,Furnishings,Rugs,2026-04-13,2,45.3,33.9,94.9,282.0,4714.51,8069.85
NB-FUR-019,Furnishings,Rugs,2026-04-20,3,40.4,28.4,49.0,290.0,4714.51,8069.85
NB-FUR-019,Furnishings,Rugs,2026-04-27,4,38.3,16.8,38.3,72.0,4714.51,8069.85
NB-FUR-019,Furnishings,Rugs,2026-05-04,5,37.7,14.9,37.7,47.1,4714.51,8069.85
NB-FUR-019,Furnishings,Rugs,2026-05-11,6,36.6,14.6,36.6,45.3,4714.51,8069.85
NB-FUR-019,Furnishings,Rugs,2026-05-18,7,28.8,10.7,28.8,40.4,4714.51,8069.85
NB-FUR-019,Furnishings,Rugs,2026-05-25,8,22.3,7.8,22.3,38.3,4714.51,8069.85
NB-FUR-020,Furnishings,Shelving,2026-04-06,1,50.3,57.0,141.4,346.0,14078.71,27351.37
NB-FUR-020,Furnishings,Shelving,2026-04-13,2,49.7,36.0,119.6,301.0,14078.71,27351.37
NB-FUR-020,Furnishings,Shelving,2026-04-20,3,45.8,33.5,74.0,345.0,14078.71,27351.37
NB-FUR-020,Furnishings,Shelving,2026-04-27,4,39.8,17.7,39.8,74.0,14078.71,27351.37
NB-FUR-020,Furnishings,Shelving,2026-05-04,5,41.2,16.5,41.2,50.3,14078.71,27351.37
NB-FUR-020,Furnishings,Shelving,2026-05-11,6,43.4,15.4,43.4,49.7,14078.71,27351.37
NB-FUR-020,Furnishings,Shelving,2026-05-18,7,42.8,11.9,42.8,45.8,14078.71,27351.37
NB-FUR-020,Furnishings,Shelving,2026-05-25,8,28.9,10.8,28.9,39.8,14078.71,27351.37
NB-FUR-021,Furnishings,Tables,2026-04-06,1,35.0,17.2,45.2,142.0,17958.55,30721.07
NB-FUR-021,Furnishings,Tables,2026-04-13,2,44.4,15.8,44.4,97.0,17958.55,30721.07
NB-FUR-021,Furnishings,Tables,2026-04-20,3,47.9,16.1,47.9,137.0,17958.55,30721.07
NB-FUR-021,Furnishings,Tables,2026-04-27,4,36.4,13.0,36.4,34.0,17958.55,30721.07
NB-FUR-021,Furnishings,Tables,2026-05-04,5,26.2,12.2,26.2,35.0,17958.55,30721.07
NB-FUR-021,Furnishings,Tables,2026-05-11,6,22.7,9.2,22.7,44.4,17958.55,30721.07
NB-FUR-021,Furnishings,Tables,2026-05-18,7,16.2,7.4,16.2,47.9,17958.55,30721.07
NB-FUR-021,Furnishings,Tables,2026-05-25,8,8.3,5.5,8.3,36.4,17958.55,30721.07
NB-FUR-022,Furnishings,Seating,2026-04-06,1,49.1,47.8,100.5,291.0,15847.1,27293.03
NB-FUR-022,Furnishings,Seating,2026-04-13,2,38.8,27.6,92.4,214.0,15847.1,27293.03
NB-FUR-022,Furnishings,Seating,2026-04-20,3,34.7,28.6,48.6,277.0,15847.1,27293.03
NB-FUR-022,Furnishings,Seating,2026-04-27,4,38.3,16.1,38.3,61.0,15847.1,27293.03
NB-FUR-022,Furnishings,Seating,2026-05-04,5,39.0,14.9,39.0,49.1,15847.1,27293.03
NB-FUR-022,Furnishings,Seating,2026-05-11,6,36.0,14.4,36.0,38.8,15847.1,27293.03
NB-FUR-022,Furnishings,Seating,2026-05-18,7,32.2,11.2,32.2,34.7,15847.1,27293.03
NB-FUR-022,Furnishings,Seating,2026-05-25,8,23.2,10.6,23.2,38.3,15847.1,27293.03
NB-FUR-023,Furnishings,Rugs,2026-04-06,1,34.8,21.8,87.8,180.0,11744.34,22406.01
NB-FUR-023,Furnishings,Rugs,2026-04-13,2,22.6,15.7,45.0,163.0,11744.34,22406.01
NB-FUR-023,Furnishings,Rugs,2026-04-20,3,37.6,11.9,42.5,210.0,11744.34,22406.01
NB-FUR-023,Furnishings,Rugs,2026-04-27,4,28.3,11.3,28.3,57.0,11744.34,22406.01
NB-FUR-023,Furnishings,Rugs,2026-05-04,5,28.8,9.8,28.8,34.8,11744.34,22406.01
NB-FUR-023,Furnishings,Rugs,2026-05-11,6,19.0,8.0,19.0,22.6,11744.34,22406.01
NB-FUR-023,Furnishings,Rugs,2026-05-18,7,19.4,7.1,19.4,37.6,11744.34,22406.01
NB-FUR-023,Furnishings,Rugs,2026-05-25,8,5.1,6.6,5.1,28.3,11744.34,22406.01
NB-FUR-024,Furnishings,Bedding,2026-04-06,1,44.5,51.8,136.8,278.0,6396.92,13066.23
NB-FUR-024,Furnishings,Bedding,2026-04-13,2,37.4,31.5,94.4,241.0,6396.92,13066.23
NB-FUR-024,Furnishings,Bedding,2026-04-20,3,42.9,28.3,48.9,318.0,6396.92,13066.23
NB-FUR-024,Furnishings,Bedding,2026-04-27,4,36.6,16.7,36.6,68.0,6396.92,13066.23
NB-FUR-024,Furnishings,Bedding,2026-05-04,5,37.2,14.8,37.2,44.5,6396.92,13066.23
NB-FUR-024,Furnishings,Bedding,2026-05-11,6,31.5,14.1,31.5,37.4,6396.92,13066.23
NB-FUR-024,Furnishings,Bedding,2026-05-18,7,28.8,11.3,28.8,42.9,6396.92,13066.23
NB-FUR-024,Furnishings,Bedding,2026-05-25,8,21.5,7.6,21.5,36.6,6396.92,13066.23
NB-FUR-025,Furnishings,Seating,2026-04-06,1,33.7,17.5,77.4,180.0,13066.51,26519.48
NB-FUR-025,Furnishings,Seating,2026-04-13,2,24.2,16.1,45.0,165.0,13066.51,26519.48
NB-FUR-025,Furnishings,Seating,2026-04-20,3,39.9,10.7,39.9,197.0,13066.51,26519.48
NB-FUR-025,Furnishings,Seating,2026-04-27,4,33.7,11.3,33.7,46.0,13066.51,26519.48
NB-FUR-025,Furnishings,Seating,2026-05-04,5,24.8,9.9,24.8,33.7,13066.51,26519.48
NB-FUR-025,Furnishings,Seating,2026-05-11,6,25.3,7.9,25.3,24.2,13066.51,26519.48
NB-FUR-025,Furnishings,Seating,2026-05-18,7,18.4,7.2,18.4,39.9,13066.51,26519.48
NB-FUR-025,Furnishings,Seating,2026-05-25,8,6.3,5.3,6.3,33.7,13066.51,26519.48
NB-FUR-026,Furnishings,Shelving,2026-04-06,1,54.9,51.1,148.3,328.0,4229.06,8237.41
NB-FUR-026,Furnishings,Shelving,2026-04-13,2,46.6,38.0,96.8,259.0,4229.06,8237.41
NB-FUR-026,Furnishings,Shelving,2026-04-20,3,41.2,29.4,50.9,314.0,4229.06,8237.41
NB-FUR-026,Furnishings,Shelving,2026-04-27,4,37.7,16.8,37.7,62.0,4229.06,8237.41
NB-FUR-026,Furnishings,Shelving,2026-05-04,5,40.2,16.9,40.2,54.9,4229.06,8237.41
NB-FUR-026,Furnishings,Shelving,2026-05-11,6,36.3,15.0,36.3,46.6,4229.06,8237.41
NB-FUR-026,Furnishings,Shelving,2026-05-18,7,30.6,11.0,30.6,41.2,4229.06,8237.41
NB-FUR-026,Furnishings,Shelving,2026-05-25,8,20.4,9.1,20.4,37.7,4229.06,8237.41
NB-FUR-027,Furnishings,Shelving,2026-04-06,1,45.5,42.4,95.3,244.0,17564.27,38809.48
NB-FUR-027,Furnishings,Shelving,2026-04-13,2,36.5,26.2,80.6,201.0,17564.27,38809.48
NB-FUR-027,Furnishings,Shelving,2026-04-20,3,30.7,19.4,45.9,245.0,17564.27,38809.48
NB-FUR-027,Furnishings,Shelving,2026-04-27,4,35.1,13.5,35.1,60.0,17564.27,38809.48
NB-FUR-027,Furnishings,Shelving,2026-05-04,5,34.8,11.6,34.8,45.5,17564.27,38809.48
NB-FUR-027,Furnishings,Shelving,2026-05-11,6,34.2,8.4,34.2,36.5,17564.27,38809.48
NB-FUR-027,Furnishings,Shelving,2026-05-18,7,29.5,8.4,29.5,30.7,17564.27,38809.48
NB-FUR-027,Furnishings,Shelving,2026-05-25,8,21.3,8.6,21.3,35.1,17564.27,38809.48
NB-FUR-028,Furnishings,Shelving,2026-04-06,1,63.4,61.7,144.6,431.0,15545.87,31187.04
NB-FUR-028,Furnishings,Shelving,2026-04-13,2,53.5,39.9,124.6,321.0,15545.87,31187.04
NB-FUR-028,Furnishings,Shelving,2026-04-20,3,49.2,33.3,88.2,354.0,15545.87,31187.04
NB-FUR-028,Furnishings,Shelving,2026-04-27,4,42.3,18.8,42.3,77.0,15545.87,31187.04
NB-FUR-028,Furnishings,Shelving,2026-05-04,5,44.7,17.1,44.7,63.4,15545.87,31187.04
NB-FUR-028,Furnishings,Shelving,2026-05-11,6,44.2,17.9,44.2,53.5,15545.87,31187.04
NB-FUR-028,Furnishings,Shelving,2026-05-18,7,42.9,15.1,42.9,49.2,15545.87,31187.04
NB-FUR-028,Furnishings,Shelving,2026-05-25,8,30.8,10.9,30.8,42.3,15545.87,31187.04
NB-FUR-029,Furnishings,Tables,2026-04-06,1,34.0,18.1,63.8,151.0,10860.37,24141.53
NB-FUR-029,Furnishings,Tables,2026-04-13,2,29.7,16.8,43.8,141.0,10860.37,24141.53
NB-FUR-029,Furnishings,Tables,2026-04-20,3,43.3,11.2,43.3,179.0,10860.37,24141.53
NB-FUR-029,Furnishings,Tables,2026-04-27,4,33.9,10.7,33.9,41.0,10860.37,24141.53
NB-FUR-029,Furnishings,Tables,2026-05-04,5,30.8,9.2,30.8,34.0,10860.37,24141.53
NB-FUR-029,Furnishings,Tables,2026-05-11,6,26.2,8.9,26.2,29.7,10860.37,24141.53
NB-FUR-029,Furnishings,Tables,2026-05-18,7,21.9,7.7,21.9,43.3,10860.37,24141.53
NB-FUR-029,Furnishings,Tables,2026-05-25,8,4.0,5.0,4.0,33.9,10860.37,24141.53
NB-FUR-030,Furnishings,Bedding,2026-04-06,1,40.8,39.8,88.2,197.0,7524.42,12156.31
NB-FUR-030,Furnishings,Bedding,2026-04-13,2,32.1,17.7,63.0,168.0,7524.42,12156.31
NB-FUR-030,Furnishings,Bedding,2026-04-20,3,29.4,19.7,45.2,244.0,7524.42,12156.31
NB-FUR-030,Furnishings,Bedding,2026-04-27,4,30.0,11.7,30.0,57.0,7524.42,12156.31
NB-FUR-030,Furnishings,Bedding,2026-05-04,5,24.9,8.8,24.9,40.8,7524.42,12156.31
NB-FUR-030,Furnishings,Bedding,2026-05-11,6,18.6,6.9,18.6,32.1,7524.42,12156.31
NB-FUR-030,Furnishings,Bedding,2026-05-18,7,14.5,7.4,14.5,29.4,7524.42,12156.31
NB-FUR-030,Furnishings,Bedding,2026-05-25,8,7.6,6.4,7.6,30.0,7524.42,12156.31
NB-FUR-031,Furnishings,Shelving,2026-04-06,1,3.7,5.5,24.1,41.0,5492.671866917172,11135.36
NB-FUR-031,Furnishings,Shelving,2026-04-13,2,3.2,6.0,15.9,28.0,5492.671866917172,11135.36
NB-FUR-031,Furnishings,Shelving,2026-04-20,3,1.4,5.2,11.7,36.0,5492.671866917172,11135.36
NB-FUR-031,Furnishings,Shelving,2026-04-27,4,0.0,1.6,6.3,10.0,5492.671866917172,11135.36
NB-FUR-031,Furnishings,Shelving,2026-05-04,5,0.0,1.5,6.3,3.7,5492.671866917172,11135.36
NB-FUR-031,Furnishings,Shelving,2026-05-11,6,0.0,1.5,5.3,3.2,5492.671866917172,11135.36
NB-FUR-031,Furnishings,Shelving,2026-05-18,7,0.9,0.5,3.3,1.4,5492.671866917172,11135.36
NB-FUR-031,Furnishings,Shelving,2026-05-25,8,0.3,0.2,5.1,0.0,5492.671866917172,11135.36
NB-FUR-032,Furnishings,Seating,2026-04-06,1,39.1,13.2,43.6,131.0,13844.57,31189.3
NB-FUR-032,Furnishings,Seating,2026-04-13,2,42.1,13.4,42.1,107.0,13844.57,31189.3
NB-FUR-032,Furnishings,Seating,2026-04-20,3,47.8,13.7,47.8,128.0,13844.57,31189.3
NB-FUR-032,Furnishings,Seating,2026-04-27,4,29.4,10.8,29.4,29.0,13844.57,31189.3
NB-FUR-032,Furnishings,Seating,2026-05-04,5,22.7,9.5,22.7,39.1,13844.57,31189.3
NB-FUR-032,Furnishings,Seating,2026-05-11,6,24.1,6.9,24.1,42.1,13844.57,31189.3
NB-FUR-032,Furnishings,Seating,2026-05-18,7,16.6,7.3,16.6,47.8,13844.57,31189.3
NB-FUR-032,Furnishings,Seating,2026-05-25,8,9.4,5.7,9.4,29.4,13844.57,31189.3
NB-FUR-033,Furnishings,Tables,2026-04-06,1,34.5,13.1,34.6,108.0,4490.07,8891.35
NB-FUR-033,Furnishings,Tables,2026-04-13,2,46.1,13.2,46.1,97.0,4490.07,8891.35
NB-FUR-033,Furnishings,Tables,2026-04-20,3,31.2,12.5,31.2,105.0,4490.07,8891.35
NB-FUR-033,Furnishings,Tables,2026-04-27,4,18.6,9.8,18.6,22.0,4490.07,8891.35
NB-FUR-033,Furnishings,Tables,2026-05-04,5,11.8,7.4,11.8,34.5,4490.07,8891.35
NB-FUR-033,Furnishings,Tables,2026-05-11,6,8.5,6.4,8.5,46.1,4490.07,8891.35
NB-FUR-033,Furnishings,Tables,2026-05-18,7,0.1,6.3,2.9,31.2,4490.07,8891.35
NB-FUR-033,Furnishings,Tables,2026-05-25,8,0.3,3.7,13.2,18.6,4490.07,8891.35
NB-FUR-034,Furnishings,Bedding,2026-04-06,1,17.3,7.5,31.6,63.0,16022.71,31060.19
NB-FUR-034,Furnishings,Bedding,2026-04-13,2,13.7,8.0,25.7,66.0,16022.71,31060.19
NB-FUR-034,Furnishings,Bedding,2026-04-20,3,6.4,5.7,24.0,59.0,16022.71,31060.19
NB-FUR-034,Furnishings,Bedding,2026-04-27,4,4.5,5.6,26.5,11.0,16022.71,31060.19
NB-FUR-034,Furnishings,Bedding,2026-05-04,5,6.6,5.7,14.0,17.3,16022.71,31060.19
NB-FUR-034,Furnishings,Bedding,2026-05-11,6,3.4,1.8,6.3,13.7,16022.71,31060.19
NB-FUR-034,Furnishings,Bedding,2026-05-18,7,1.1,2.0,4.2,6.4,16022.71,31060.19
NB-FUR-034,Furnishings,Bedding,2026-05-25,8,0.6,1.0,3.9,4.5,16022.71,31060.19
NB-FUR-035,Furnishings,Tables,2026-04-06,1,35.7,11.9,35.7,111.0,13550.71,26006.44
NB-FUR-035,Furnishings,Tables,2026-04-13,2,38.5,12.8,38.5,89.0,13550.71,26006.44
NB-FUR-035,Furnishings,Tables,2026-04-20,3,28.9,10.9,28.9,91.0,13550.71,26006.44
NB-FUR-035,Furnishings,Tables,2026-04-27,4,17.3,8.7,17.3,28.0,13550.71,26006.44
NB-FUR-035,Furnishings,Tables,2026-05-04,5,16.0,6.3,16.0,35.7,13550.71,26006.44
NB-FUR-035,Furnishings,Tables,2026-05-11,6,11.8,6.1,11.8,38.5,13550.71,26006.44
NB-FUR-035,Furnishings,Tables,2026-05-18,7,5.9,6.5,13.7,28.9,13550.71,26006.44
NB-FUR-035,Furnishings,Tables,2026-05-25,8,5.3,3.7,14.2,17.3,13550.71,26006.44
NB-FUR-036,Furnishings,Rugs,2026-04-06,1,32.8,16.6,32.9,107.0,16444.02,32249.83
NB-FUR-036,Furnishings,Rugs,2026-04-13,2,50.4,15.4,50.4,91.0,16444.02,32249.83
NB-FUR-036,Furnishings,Rugs,2026-04-20,3,40.6,14.5,40.6,107.0,16444.02,32249.83
NB-FUR-036,Furnishings,Rugs,2026-04-27,4,23.1,11.7,23.1,39.0,16444.02,32249.83
NB-FUR-036,Furnishings,Rugs,2026-05-04,5,24.4,9.3,24.4,32.8,16444.02,32249.83
NB-FUR-036,Furnishings,Rugs,2026-05-11,6,23.3,7.5,23.3,50.4,16444.02,32249.83
NB-FUR-036,Furnishings,Rugs,2026-05-18,7,14.6,7.4,14.6,40.6,16444.02,32249.83
NB-FUR-036,Furnishings,Rugs,2026-05-25,8,7.8,5.8,14.5,23.1,16444.02,32249.83
NB-FUR-037,Furnishings,Shelving,2026-04-06,1,34.5,10.4,34.5,80.0,2826.03,5773.97
NB-FUR-037,Furnishings,Shelving,2026-04-13,2,27.4,9.9,27.4,60.0,2826.03,5773.97
NB-FUR-037,Furnishings,Shelving,2026-04-20,3,19.9,8.4,19.9,96.0,2826.03,5773.97
NB-FUR-037,Furnishings,Shelving,2026-04-27,4,9.8,8.4,9.8,21.0,2826.03,5773.97
NB-FUR-037,Furnishings,Shelving,2026-05-04,5,0.5,5.7,18.7,34.5,2826.03,5773.97
NB-FUR-037,Furnishings,Shelving,2026-05-11,6,0.0,5.0,18.6,27.4,2826.03,5773.97
NB-FUR-037,Furnishings,Shelving,2026-05-18,7,2.2,1.1,14.9,19.9,2826.03,5773.97
NB-FUR-037,Furnishings,Shelving,2026-05-25,8,0.0,1.0,13.7,9.8,2826.03,5773.97
NB-FUR-038,Furnishings,Seating,2026-04-06,1,32.1,7.7,32.1,85.0,13471.53,22188.94
NB-FUR-038,Furnishings,Seating,2026-04-13,2,24.7,9.5,24.7,52.0,13471.53,22188.94
NB-FUR-038,Furnishings,Seating,2026-04-20,3,20.0,8.6,20.0,78.0,13471.53,22188.94
NB-FUR-038,Furnishings,Seating,2026-04-27,4,10.3,8.4,10.3,21.0,13471.53,22188.94
NB-FUR-038,Furnishings,Seating,2026-05-04,5,4.9,6.6,16.3,32.1,13471.53,22188.94
NB-FUR-038,Furnishings,Seating,2026-05-11,6,5.8,4.6,17.7,24.7,13471.53,22188.94
NB-FUR-038,Furnishings,Seating,2026-05-18,7,7.3,5.6,17.2,20.0,13471.53,22188.94
NB-FUR-038,Furnishings,Seating,2026-05-25,8,2.1,0.8,11.3,10.3,13471.53,22188.94
NB-FUR-039,Furnishings,Shelving,2026-04-06,1,11.7,6.5,30.8,52.0,3598.29,6442.39
NB-FUR-039,Furnishings,Shelving,2026-04-13,2,8.7,6.5,28.8,48.0,3598.29,6442.39
NB-FUR-039,Furnishings,Shelving,2026-04-20,3,4.0,5.6,25.5,65.0,3598.29,6442.39
NB-FUR-039,Furnishings,Shelving,2026-04-27,4,0.0,5.8,15.7,16.0,3598.29,6442.39
NB-FUR-039,Furnishings,Shelving,2026-05-04,5,0.0,2.3,6.9,11.7,3598.29,6442.39
NB-FUR-039,Furnishings,Shelving,2026-05-11,6,0.0,1.7,6.8,8.7,3598.29,6442.39
NB-FUR-039,Furnishings,Shelving,2026-05-18,7,0.0,1.9,5.4,4.0,3598.29,6442.39
NB-FUR-039,Furnishings,Shelving,2026-05-25,8,0.0,0.2,5.5,0.0,3598.29,6442.39
NB-FUR-040,Furnishings,Bedding,2026-04-06,1,4.4,5.2,26.2,44.0,4550.83,10687.22
NB-FUR-040,Furnishings,Bedding,2026-04-13,2,0.0,6.2,20.7,31.0,4550.83,10687.22
NB-FUR-040,Furnishings,Bedding,2026-04-20,3,1.9,5.5,14.5,47.0,4550.83,10687.22
NB-FUR-040,Furnishings,Bedding,2026-04-27,4,0.0,2.3,5.3,9.0,4550.83,10687.22
NB-FUR-040,Furnishings,Bedding,2026-05-04,5,0.0,1.5,6.3,4.4,4550.83,10687.22
NB-FUR-040,Furnishings,Bedding,2026-05-11,6,0.0,1.5,6.8,0.0,4550.83,10687.22
NB-FUR-040,Furnishings,Bedding,2026-05-18,7,0.0,0.8,4.7,1.9,4550.83,10687.22
NB-FUR-040,Furnishings,Bedding,2026-05-25,8,0.1,0.0,4.7,0.0,4550.83,10687.22
NB-FUR-041,Furnishings,Tables,2026-04-06,1,37.8,14.4,37.8,105.0,14661.6,32929.92
NB-FUR-041,Furnishings,Tables,2026-04-13,2,50.7,13.9,50.7,92.0,14661.6,32929.92
NB-FUR-041,Furnishings,Tables,2026-04-20,3,39.4,13.0,39.4,103.0,14661.6,32929.92
NB-FUR-041,Furnishings,Tables,2026-04-27,4,24.9,10.2,24.9,31.0,14661.6,32929.92
NB-FUR-041,Furnishings,Tables,2026-05-04,5,24.2,8.9,24.2,37.8,14661.6,32929.92
NB-FUR-041,Furnishings,Tables,2026-05-11,6,23.0,7.3,23.0,50.7,14661.6,32929.92
NB-FUR-041,Furnishings,Tables,2026-05-18,7,15.2,7.4,15.2,39.4,14661.6,32929.92
NB-FUR-041,Furnishings,Tables,2026-05-25,8,6.8,5.6,14.8,24.9,14661.6,32929.92
NB-FUR-042,Furnishings,Rugs,2026-04-06,1,32.9,14.9,37.6,116.0,7991.61,15414.87
NB-FUR-042,Furnishings,Rugs,2026-04-13,2,46.6,13.2,46.6,95.0,7991.61,15414.87
NB-FUR-042,Furnishings,Rugs,2026-04-20,3,33.5,13.1,33.5,113.0,7991.61,15414.87
NB-FUR-042,Furnishings,Rugs,2026-04-27,4,19.7,8.7,19.7,28.0,7991.61,15414.87
NB-FUR-042,Furnishings,Rugs,2026-05-04,5,12.0,7.2,12.0,32.9,7991.61,15414.87
NB-FUR-042,Furnishings,Rugs,2026-05-11,6,8.5,6.4,8.5,46.6,7991.61,15414.87
NB-FUR-042,Furnishings,Rugs,2026-05-18,7,3.6,6.1,10.7,33.5,7991.61,15414.87
NB-FUR-042,Furnishings,Rugs,2026-05-25,8,0.0,3.7,13.9,19.7,7991.61,15414.87
NB-FUR-043,Furnishings,Seating,2026-04-06,1,30.9,12.0,30.9,94.0,3439.5,7506.95
NB-FUR-043,Furnishings,Seating,2026-04-13,2,34.5,12.4,34.5,80.0,3439.5,7506.95
NB-FUR-043,Furnishings,Seating,2026-04-20,3,23.9,10.7,23.9,99.0,3439.5,7506.95
NB-FUR-043,Furnishings,Seating,2026-04-27,4,14.1,7.3,14.1,30.0,3439.5,7506.95
NB-FUR-043,Furnishings,Seating,2026-05-04,5,9.5,6.3,9.5,30.9,3439.5,7506.95
NB-FUR-043,Furnishings,Seating,2026-05-11,6,3.4,5.7,3.4,34.5,3439.5,7506.95
NB-FUR-043,Furnishings,Seating,2026-05-18,7,2.3,4.4,14.9,23.9,3439.5,7506.95
NB-FUR-043,Furnishings,Seating,2026-05-25,8,0.0,1.2,13.3,14.1,3439.5,7506.95
NB-FUR-044,Furnishings,Tables,2026-04-06,1,21.5,7.9,21.5,73.0,5469.65,11098.08
NB-FUR-044,Furnishings,Tables,2026-04-13,2,14.7,7.7,14.7,64.0,5469.65,11098.08
NB-FUR-044,Furnishings,Tables,2026-04-20,3,1.4,6.0,21.4,53.0,5469.65,11098.08
NB-FUR-044,Furnishings,Tables,2026-04-27,4,0.0,5.8,22.9,11.0,5469.65,11098.08
NB-FUR-044,Furnishings,Tables,2026-05-04,5,3.8,5.6,17.7,21.5,5469.65,11098.08
NB-FUR-044,Furnishings,Tables,2026-05-11,6,0.1,1.6,12.7,14.7,5469.65,11098.08
NB-FUR-044,Furnishings,Tables,2026-05-18,7,0.0,2.0,8.3,1.4,5469.65,11098.08
NB-FUR-044,Furnishings,Tables,2026-05-25,8,0.0,0.5,2.5,0.0,5469.65,11098.08
NB-FUR-045,Furnishings,Shelving,2026-04-06,1,26.7,7.4,26.7,64.0,9670.74,22238.73
NB-FUR-045,Furnishings,Shelving,2026-04-13,2,15.2,6.2,29.9,64.0,9670.74,22238.73
NB-FUR-045,Furnishings,Shelving,2026-04-20,3,6.0,5.7,22.5,73.0,9670.74,22238.73
NB-FUR-045,Furnishings,Shelving,2026-04-27,4,2.0,7.3,27.4,16.0,9670.74,22238.73
NB-FUR-045,Furnishings,Shelving,2026-05-04,5,2.4,4.2,19.3,26.7,9670.74,22238.73
NB-FUR-045,Furnishings,Shelving,2026-05-11,6,2.2,1.7,6.8,15.2,9670.74,22238.73
NB-FUR-045,Furnishings,Shelving,2026-05-18,7,1.4,1.5,8.5,6.0,9670.74,22238.73
NB-FUR-045,Furnishings,Shelving,2026-05-25,8,0.0,0.9,4.4,2.0,9670.74,22238.73
NB-FUR-046,Furnishings,Bedding,2026-04-06,1,36.1,12.7,36.1,96.0,4017.59,8524.18
NB-FUR-046,Furnishings,Bedding,2026-04-13,2,38.0,12.7,38.0,88.0,4017.59,8524.18
NB-FUR-046,Furnishings,Bedding,2026-04-20,3,25.5,10.7,25.5,99.0,4017.59,8524.18
NB-FUR-046,Furnishings,Bedding,2026-04-27,4,14.4,7.2,14.4,24.0,4017.59,8524.18
NB-FUR-046,Furnishings,Bedding,2026-05-04,5,10.6,6.1,10.6,36.1,4017.59,8524.18
NB-FUR-046,Furnishings,Bedding,2026-05-11,6,2.8,6.0,2.8,38.0,4017.59,8524.18
NB-FUR-046,Furnishings,Bedding,2026-05-18,7,3.1,5.2,15.5,25.5,4017.59,8524.18
NB-FUR-046,Furnishings,Bedding,2026-05-25,8,0.2,1.2,13.3,14.4,4017.59,8524.18
NB-FUR-047,Furnishings,Seating,2026-04-06,1,40.0,12.0,40.0,118.0,16858.69,38420.22
NB-FUR-047,Furnishings,Seating,2026-04-13,2,44.1,13.1,44.1,103.0,16858.69,38420.22
NB-FUR-047,Furnishings,Seating,2026-04-20,3,45.9,11.7,45.9,131.0,16858.69,38420.22
NB-FUR-047,Furnishings,Seating,2026-04-27,4,22.4,11.1,22.4,21.0,16858.69,38420.22
NB-FUR-047,Furnishings,Seating,2026-05-04,5,18.8,8.2,18.8,40.0,16858.69,38420.22
NB-FUR-047,Furnishings,Seating,2026-05-11,6,16.5,7.2,16.5,44.1,16858.69,38420.22
NB-FUR-047,Furnishings,Seating,2026-05-18,7,11.8,6.2,11.8,45.9,16858.69,38420.22
NB-FUR-047,Furnishings,Seating,2026-05-25,8,6.9,7.0,6.9,22.4,16858.69,38420.22
NB-FUR-048,Furnishings,Rugs,2026-04-06,1,41.2,12.6,41.2,103.0,5813.08,11165.95
NB-FUR-048,Furnishings,Rugs,2026-04-13,2,46.5,12.8,46.5,97.0,5813.08,11165.95
NB-FUR-048,Furnishings,Rugs,2026-04-20,3,32.0,12.2,32.0,98.0,5813.08,11165.95
NB-FUR-048,Furnishings,Rugs,2026-04-27,4,20.2,9.5,20.2,21.0,5813.08,11165.95
NB-FUR-048,Furnishings,Rugs,2026-05-04,5,16.3,7.4,16.3,41.2,5813.08,11165.95
NB-FUR-048,Furnishings,Rugs,2026-05-11,6,7.3,6.6,7.3,46.5,5813.08,11165.95
NB-FUR-048,Furnishings,Rugs,2026-05-18,7,0.8,6.3,2.9,32.0,5813.08,11165.95
NB-FUR-048,Furnishings,Rugs,2026-05-25,8,1.1,3.7,13.7,20.2,5813.08,11165.95
NB-FUR-049,Furnishings,Seating,2026-04-06,1,35.1,12.3,35.1,113.0,17772.29,32206.28
NB-FUR-049,Furnishings,Seating,2026-04-13,2,46.9,13.0,46.9,99.0,17772.29,32206.28
NB-FUR-049,Furnishings,Seating,2026-04-20,3,32.8,12.1,32.8,93.0,17772.29,32206.28
NB-FUR-049,Furnishings,Seating,2026-04-27,4,19.4,8.7,19.4,26.0,17772.29,32206.28
NB-FUR-049,Furnishings,Seating,2026-05-04,5,22.9,7.2,22.9,35.1,17772.29,32206.28
NB-FUR-049,Furnishings,Seating,2026-05-11,6,14.4,7.4,14.4,46.9,17772.29,32206.28
NB-FUR-049,Furnishings,Seating,2026-05-18,7,9.4,6.3,9.4,32.8,17772.29,32206.28
NB-FUR-049,Furnishings,Seating,2026-05-25,8,6.3,7.3,10.9,19.4,17772.29,32206.28
NB-FUR-050,Furnishings,Shelving,2026-04-06,1,30.3,9.9,30.3,67.0,9056.62,21426.64
NB-FUR-050,Furnishings,Shelving,2026-04-13,2,23.2,9.7,23.2,51.0,9056.62,21426.64
NB-FUR-050,Furnishings,Shelving,2026-04-20,3,20.4,8.3,20.4,100.0,9056.62,21426.64
NB-FUR-050,Furnishings,Shelving,2026-04-27,4,2.7,8.1,19.1,19.0,9056.62,21426.64
NB-FUR-050,Furnishings,Shelving,2026-05-04,5,3.4,5.9,28.0,30.3,9056.62,21426.64
NB-FUR-050,Furnishings,Shelving,2026-05-11,6,4.2,3.9,16.2,23.2,9056.62,21426.64
NB-FUR-050,Furnishings,Shelving,2026-05-18,7,2.8,1.1,14.8,20.4,9056.62,21426.64
NB-FUR-050,Furnishings,Shelving,2026-05-25,8,0.0,1.5,9.5,2.7,9056.62,21426.64
NB-KIT-151,Kitchenware,Storage Containers,2026-04-06,1,4.4,1.1,5.6,21.0,2365.34,5112.96
NB-KIT-151,Kitchenware,Storage Containers,2026-04-13,2,0.4,1.8,4.6,13.0,2365.34,5112.96
NB-KIT-151,Kitchenware,Storage Containers,2026-04-20,3,1.0,1.8,4.3,16.0,2365.34,5112.96
NB-KIT-151,Kitchenware,Storage Containers,2026-04-27,4,0.0,1.6,5.5,2.0,2365.34,5112.96
NB-KIT-151,Kitchenware,Storage Containers,2026-05-04,5,0.1,1.0,3.0,4.4,2365.34,5112.96
NB-KIT-151,Kitchenware,Storage Containers,2026-05-11,6,0.3,0.1,6.0,0.4,2365.34,5112.96
NB-KIT-151,Kitchenware,Storage Containers,2026-05-18,7,0.1,0.2,5.2,1.0,2365.34,5112.96
NB-KIT-151,Kitchenware,Storage Containers,2026-05-25,8,0.0,0.2,6.0,0.0,2365.34,5112.96
NB-KIT-152,Kitchenware,Cutlery,2026-04-06,1,0.4,0.6,4.6,12.0,3706.8,9116.14
NB-KIT-152,Kitchenware,Cutlery,2026-04-13,2,0.0,1.2,5.2,11.0,3706.8,9116.14
NB-KIT-152,Kitchenware,Cutlery,2026-04-20,3,0.0,0.7,5.5,13.0,3706.8,9116.14
NB-KIT-152,Kitchenware,Cutlery,2026-04-27,4,0.1,0.1,5.4,0.0,3706.8,9116.14
NB-KIT-152,Kitchenware,Cutlery,2026-05-04,5,0.4,0.0,6.0,0.4,3706.8,9116.14
NB-KIT-152,Kitchenware,Cutlery,2026-05-11,6,0.0,0.0,5.2,0.0,3706.8,9116.14
NB-KIT-152,Kitchenware,Cutlery,2026-05-18,7,0.7,0.0,6.3,0.0,3706.8,9116.14
NB-KIT-152,Kitchenware,Cutlery,2026-05-25,8,2.5,0.0,6.9,0.1,3706.8,9116.14
NB-KIT-153,Kitchenware,Cookware Sets,2026-04-06,1,2.7,3.7,10.4,24.0,2643.91,5374.91
NB-KIT-153,Kitchenware,Cookware Sets,2026-04-13,2,2.7,3.4,5.3,18.0,2643.91,5374.91
NB-KIT-153,Kitchenware,Cookware Sets,2026-04-20,3,0.4,1.7,4.0,22.0,2643.91,5374.91
NB-KIT-153,Kitchenware,Cookware Sets,2026-04-27,4,0.0,1.6,5.6,4.0,2643.91,5374.91
NB-KIT-153,Kitchenware,Cookware Sets,2026-05-04,5,0.0,0.8,5.9,2.7,2643.91,5374.91
NB-KIT-153,Kitchenware,Cookware Sets,2026-05-11,6,0.7,0.5,5.4,2.7,2643.91,5374.91
NB-KIT-153,Kitchenware,Cookware Sets,2026-05-18,7,0.5,0.2,5.4,0.4,2643.91,5374.91
NB-KIT-153,Kitchenware,Cookware Sets,2026-05-25,8,0.2,0.5,5.1,0.0,2643.91,5374.91
NB-KIT-154,Kitchenware,Cutlery,2026-04-06,1,3.2,3.9,10.4,28.0,3557.91,7131.13
NB-KIT-154,Kitchenware,Cutlery,2026-04-13,2,0.8,3.5,5.7,14.0,3557.91,7131.13
NB-KIT-154,Kitchenware,Cutlery,2026-04-20,3,1.8,3.0,5.7,27.0,3557.91,7131.13
NB-KIT-154,Kitchenware,Cutlery,2026-04-27,4,0.0,1.6,6.5,6.0,3557.91,7131.13
NB-KIT-154,Kitchenware,Cutlery,2026-05-04,5,0.0,1.5,5.3,3.2,3557.91,7131.13
NB-KIT-154,Kitchenware,Cutlery,2026-05-11,6,0.5,0.5,4.1,0.8,3557.91,7131.13
NB-KIT-154,Kitchenware,Cutlery,2026-05-18,7,0.6,0.2,6.7,1.8,3557.91,7131.13
NB-KIT-154,Kitchenware,Cutlery,2026-05-25,8,0.2,0.3,5.1,0.0,3557.91,7131.13
NB-KIT-155,Kitchenware,Baking Tools,2026-04-06,1,0.1,5.2,14.6,38.0,4458.13,8667.96
NB-KIT-155,Kitchenware,Baking Tools,2026-04-13,2,0.5,5.2,6.5,18.0,4458.13,8667.96
NB-KIT-155,Kitchenware,Baking Tools,2026-04-20,3,0.0,2.7,4.8,26.0,4458.13,8667.96
NB-KIT-155,Kitchenware,Baking Tools,2026-04-27,4,0.0,1.6,6.4,6.0,4458.13,8667.96
NB-KIT-155,Kitchenware,Baking Tools,2026-05-04,5,0.0,1.5,5.7,0.1,4458.13,8667.96
NB-KIT-155,Kitchenware,Baking Tools,2026-05-11,6,0.4,0.5,5.0,0.5,4458.13,8667.96
NB-KIT-155,Kitchenware,Baking Tools,2026-05-18,7,0.7,0.2,5.9,0.0,4458.13,8667.96
NB-KIT-155,Kitchenware,Baking Tools,2026-05-25,8,0.4,0.3,5.1,0.0,4458.13,8667.96
NB-KIT-156,Kitchenware,Cookware Sets,2026-04-06,1,4.4,2.1,8.5,15.0,4279.88,7987.24
NB-KIT-156,Kitchenware,Cookware Sets,2026-04-13,2,2.3,1.3,4.9,18.0,4279.88,7987.24
NB-KIT-156,Kitchenware,Cookware Sets,2026-04-20,3,0.1,1.8,4.1,22.0,4279.88,7987.24
NB-KIT-156,Kitchenware,Cookware Sets,2026-04-27,4,0.4,1.6,4.6,4.0,4279.88,7987.24
NB-KIT-156,Kitchenware,Cookware Sets,2026-05-04,5,0.2,0.8,5.5,4.4,4279.88,7987.24
NB-KIT-156,Kitchenware,Cookware Sets,2026-05-11,6,0.7,0.5,5.4,2.3,4279.88,7987.24
NB-KIT-156,Kitchenware,Cookware Sets,2026-05-18,7,0.6,0.3,5.6,0.1,4279.88,7987.24
NB-KIT-156,Kitchenware,Cookware Sets,2026-05-25,8,0.0,0.5,6.0,0.4,4279.88,7987.24
NB-KIT-157,Kitchenware,Cookware Sets,2026-04-06,1,3.6,2.1,7.0,19.0,959.64,1764.83
NB-KIT-157,Kitchenware,Cookware Sets,2026-04-13,2,1.9,1.3,5.6,13.0,959.64,1764.83
NB-KIT-157,Kitchenware,Cookware Sets,2026-04-20,3,1.1,1.9,2.3,18.0,959.64,1764.83
NB-KIT-157,Kitchenware,Cookware Sets,2026-04-27,4,0.0,0.9,4.6,5.0,959.64,1764.83
NB-KIT-157,Kitchenware,Cookware Sets,2026-05-04,5,0.0,0.9,5.1,3.6,959.64,1764.83
NB-KIT-157,Kitchenware,Cookware Sets,2026-05-11,6,0.2,0.4,6.0,1.9,959.64,1764.83
NB-KIT-157,Kitchenware,Cookware Sets,2026-05-18,7,0.0,0.4,5.4,1.1,959.64,1764.83
NB-KIT-157,Kitchenware,Cookware Sets,2026-05-25,8,0.2,0.3,6.3,0.0,959.64,1764.83
NB-KIT-158,Kitchenware,Storage Containers,2026-04-06,1,1.4,2.7,10.0,20.0,2192.12,4767.97
NB-KIT-158,Kitchenware,Storage Containers,2026-04-13,2,3.7,0.9,5.7,23.0,2192.12,4767.97
NB-KIT-158,Kitchenware,Storage Containers,2026-04-20,3,0.6,2.5,4.0,20.0,2192.12,4767.97
NB-KIT-158,Kitchenware,Storage Containers,2026-04-27,4,0.0,1.7,6.4,7.0,2192.12,4767.97
NB-KIT-158,Kitchenware,Storage Containers,2026-05-04,5,0.0,0.8,5.9,1.4,2192.12,4767.97
NB-KIT-158,Kitchenware,Storage Containers,2026-05-11,6,0.6,0.8,3.4,3.7,2192.12,4767.97
NB-KIT-158,Kitchenware,Storage Containers,2026-05-18,7,0.3,0.1,5.6,0.6,2192.12,4767.97
NB-KIT-158,Kitchenware,Storage Containers,2026-05-25,8,0.0,0.2,5.1,0.0,2192.12,4767.97
NB-KIT-159,Kitchenware,Dinnerware,2026-04-06,1,2.6,1.2,2.9,12.0,3252.55,6710.74
NB-KIT-159,Kitchenware,Dinnerware,2026-04-13,2,0.9,1.0,2.9,8.0,3252.55,6710.74
NB-KIT-159,Kitchenware,Dinnerware,2026-04-20,3,0.4,1.3,4.6,13.0,3252.55,6710.74
NB-KIT-159,Kitchenware,Dinnerware,2026-04-27,4,0.4,0.9,3.0,3.0,3252.55,6710.74
NB-KIT-159,Kitchenware,Dinnerware,2026-05-04,5,0.5,0.5,6.0,2.6,3252.55,6710.74
NB-KIT-159,Kitchenware,Dinnerware,2026-05-11,6,0.0,0.5,6.3,0.9,3252.55,6710.74
NB-KIT-159,Kitchenware,Dinnerware,2026-05-18,7,2.4,0.5,6.4,0.4,3252.55,6710.74
NB-KIT-159,Kitchenware,Dinnerware,2026-05-25,8,3.1,0.4,6.0,0.4,3252.55,6710.74
NB-KIT-160,Kitchenware,Dinnerware,2026-04-06,1,5.3,1.6,9.5,23.0,3608.88,7939.7
NB-KIT-160,Kitchenware,Dinnerware,2026-04-13,2,3.6,1.2,6.3,19.0,3608.88,7939.7
NB-KIT-160,Kitchenware,Dinnerware,2026-04-20,3,1.0,1.7,4.3,20.0,3608.88,7939.7
NB-KIT-160,Kitchenware,Dinnerware,2026-04-27,4,0.0,1.7,6.0,5.0,3608.88,7939.7
NB-KIT-160,Kitchenware,Dinnerware,2026-05-04,5,0.0,0.9,5.5,5.3,3608.88,7939.7
NB-KIT-160,Kitchenware,Dinnerware,2026-05-11,6,0.5,0.7,3.4,3.6,3608.88,7939.7
NB-KIT-160,Kitchenware,Dinnerware,2026-05-18,7,0.5,0.1,6.0,1.0,3608.88,7939.7
NB-KIT-160,Kitchenware,Dinnerware,2026-05-25,8,0.0,0.2,5.1,0.0,3608.88,7939.7
NB-KIT-161,Kitchenware,Cutlery,2026-04-06,1,0.0,0.6,6.0,8.0,2085.58,4454.07
NB-KIT-161,Kitchenware,Cutlery,2026-04-13,2,2.4,0.7,7.3,10.0,2085.58,4454.07
NB-KIT-161,Kitchenware,Cutlery,2026-04-20,3,2.4,0.6,7.3,7.0,2085.58,4454.07
NB-KIT-161,Kitchenware,Cutlery,2026-04-27,4,2.5,0.5,7.3,0.0,2085.58,4454.07
NB-KIT-161,Kitchenware,Cutlery,2026-05-04,5,2.6,0.4,7.1,0.0,2085.58,4454.07
NB-KIT-161,Kitchenware,Cutlery,2026-05-11,6,2.1,0.4,7.1,2.4,2085.58,4454.07
NB-KIT-161,Kitchenware,Cutlery,2026-05-18,7,2.1,0.0,6.8,2.4,2085.58,4454.07
NB-KIT-161,Kitchenware,Cutlery,2026-05-25,8,2.8,0.0,6.8,2.5,2085.58,4454.07
NB-KIT-162,Kitchenware,Dinnerware,2026-04-06,1,2.2,0.5,7.4,4.0,3771.85,6627.62
NB-KIT-162,Kitchenware,Dinnerware,2026-04-13,2,2.3,0.6,7.1,8.0,3771.85,6627.62
NB-KIT-162,Kitchenware,Dinnerware,2026-04-20,3,3.1,0.4,7.1,2.0,3771.85,6627.62
NB-KIT-162,Kitchenware,Dinnerware,2026-04-27,4,2.7,0.0,7.0,0.0,3771.85,6627.62
NB-KIT-162,Kitchenware,Dinnerware,2026-05-04,5,2.6,0.0,6.8,2.2,3771.85,6627.62
NB-KIT-162,Kitchenware,Dinnerware,2026-05-11,6,2.5,0.0,6.8,2.3,3771.85,6627.62
NB-KIT-162,Kitchenware,Dinnerware,2026-05-18,7,2.0,0.0,6.8,3.1,3771.85,6627.62
NB-KIT-162,Kitchenware,Dinnerware,2026-05-25,8,1.5,0.0,6.8,2.7,3771.85,6627.62
NB-KIT-163,Kitchenware,Baking Tools,2026-04-06,1,6.6,5.9,17.1,35.0,3445.62,7426.57
NB-KIT-163,Kitchenware,Baking Tools,2026-04-13,2,0.4,6.1,11.2,36.0,3445.62,7426.57
NB-KIT-163,Kitchenware,Baking Tools,2026-04-20,3,0.0,3.0,5.9,23.0,3445.62,7426.57
NB-KIT-163,Kitchenware,Baking Tools,2026-04-27,4,0.0,1.7,6.3,8.0,3445.62,7426.57
NB-KIT-163,Kitchenware,Baking Tools,2026-05-04,5,0.0,1.6,6.7,6.6,3445.62,7426.57
NB-KIT-163,Kitchenware,Baking Tools,2026-05-11,6,0.0,0.8,5.0,0.4,3445.62,7426.57
NB-KIT-163,Kitchenware,Baking Tools,2026-05-18,7,0.4,0.0,6.3,0.0,3445.62,7426.57
NB-KIT-163,Kitchenware,Baking Tools,2026-05-25,8,0.0,0.0,5.1,0.0,3445.62,7426.57
NB-KIT-164,Kitchenware,Storage Containers,2026-04-06,1,1.3,3.6,10.8,27.0,3192.45,7214.26
NB-KIT-164,Kitchenware,Storage Containers,2026-04-13,2,0.0,3.4,6.0,20.0,3192.45,7214.26
NB-KIT-164,Kitchenware,Storage Containers,2026-04-20,3,0.7,1.7,4.3,20.0,3192.45,7214.26
NB-KIT-164,Kitchenware,Storage Containers,2026-04-27,4,0.0,1.6,6.6,10.0,3192.45,7214.26
NB-KIT-164,Kitchenware,Storage Containers,2026-05-04,5,0.0,1.5,6.3,1.3,3192.45,7214.26
NB-KIT-164,Kitchenware,Storage Containers,2026-05-11,6,0.3,0.5,5.4,0.0,3192.45,7214.26
NB-KIT-164,Kitchenware,Storage Containers,2026-05-18,7,0.4,0.0,5.4,0.7,3192.45,7214.26
NB-KIT-164,Kitchenware,Storage Containers,2026-05-25,8,0.0,0.0,5.1,0.0,3192.45,7214.26
NB-KIT-165,Kitchenware,Baking Tools,2026-04-06,1,6.6,1.8,10.3,23.0,2373.94,4188.47
NB-KIT-165,Kitchenware,Baking Tools,2026-04-13,2,5.6,1.0,8.8,23.0,2373.94,4188.47
NB-KIT-165,Kitchenware,Baking Tools,2026-04-20,3,3.7,0.2,4.7,23.0,2373.94,4188.47
NB-KIT-165,Kitchenware,Baking Tools,2026-04-27,4,0.0,1.4,6.4,3.0,2373.94,4188.47
NB-KIT-165,Kitchenware,Baking Tools,2026-05-04,5,0.0,1.5,5.3,6.6,2373.94,4188.47
NB-KIT-165,Kitchenware,Baking Tools,2026-05-11,6,0.0,0.8,5.5,5.6,2373.94,4188.47
NB-KIT-165,Kitchenware,Baking Tools,2026-05-18,7,1.2,0.3,6.0,3.7,2373.94,4188.47
NB-KIT-165,Kitchenware,Baking Tools,2026-05-25,8,0.4,0.2,5.1,0.0,2373.94,4188.47
NB-KIT-166,Kitchenware,Dinnerware,2026-04-06,1,1.4,1.1,5.7,19.0,2835.6,4879.19
NB-KIT-166,Kitchenware,Dinnerware,2026-04-13,2,1.7,1.9,3.0,15.0,2835.6,4879.19
NB-KIT-166,Kitchenware,Dinnerware,2026-04-20,3,0.5,1.7,5.5,9.0,2835.6,4879.19
NB-KIT-166,Kitchenware,Dinnerware,2026-04-27,4,0.0,0.8,4.6,3.0,2835.6,4879.19
NB-KIT-166,Kitchenware,Dinnerware,2026-05-04,5,0.7,0.6,5.4,1.4,2835.6,4879.19
NB-KIT-166,Kitchenware,Dinnerware,2026-05-11,6,0.9,0.5,5.4,1.7,2835.6,4879.19
NB-KIT-166,Kitchenware,Dinnerware,2026-05-18,7,0.3,0.5,5.1,0.5,2835.6,4879.19
NB-KIT-166,Kitchenware,Dinnerware,2026-05-25,8,2.5,0.4,6.0,0.0,2835.6,4879.19
NB-KIT-167,Kitchenware,Baking Tools,2026-04-06,1,0.5,0.8,3.0,9.0,2765.92,4747.97
NB-KIT-167,Kitchenware,Baking Tools,2026-04-13,2,0.8,0.7,7.3,3.0,2765.92,4747.97
NB-KIT-167,Kitchenware,Baking Tools,2026-04-20,3,2.9,0.7,7.3,6.0,2765.92,4747.97
NB-KIT-167,Kitchenware,Baking Tools,2026-04-27,4,2.9,0.5,6.7,1.0,2765.92,4747.97
NB-KIT-167,Kitchenware,Baking Tools,2026-05-04,5,3.9,0.5,6.1,0.5,2765.92,4747.97
NB-KIT-167,Kitchenware,Baking Tools,2026-05-11,6,2.5,0.4,6.9,0.8,2765.92,4747.97
NB-KIT-167,Kitchenware,Baking Tools,2026-05-18,7,2.3,0.4,6.9,2.9,2765.92,4747.97
NB-KIT-167,Kitchenware,Baking Tools,2026-05-25,8,3.0,0.1,6.8,2.9,2765.92,4747.97
NB-KIT-168,Kitchenware,Dinnerware,2026-04-06,1,0.0,1.1,2.3,8.0,2720.24,6285.08
NB-KIT-168,Kitchenware,Dinnerware,2026-04-13,2,0.9,1.3,2.2,9.0,2720.24,6285.08
NB-KIT-168,Kitchenware,Dinnerware,2026-04-20,3,0.6,1.1,6.7,8.0,2720.24,6285.08
NB-KIT-168,Kitchenware,Dinnerware,2026-04-27,4,0.0,0.6,7.0,4.0,2720.24,6285.08
NB-KIT-168,Kitchenware,Dinnerware,2026-05-04,5,2.5,0.2,6.6,0.0,2720.24,6285.08
NB-KIT-168,Kitchenware,Dinnerware,2026-05-11,6,2.4,0.1,6.1,0.9,2720.24,6285.08
NB-KIT-168,Kitchenware,Dinnerware,2026-05-18,7,2.1,0.1,6.9,0.6,2720.24,6285.08
NB-KIT-168,Kitchenware,Dinnerware,2026-05-25,8,2.7,0.1,6.9,0.0,2720.24,6285.08
NB-KIT-169,Kitchenware,Storage Containers,2026-04-06,1,0.4,0.9,2.9,8.0,4147.51,7652.95
NB-KIT-169,Kitchenware,Storage Containers,2026-04-13,2,0.4,1.2,4.2,4.0,4147.51,7652.95
NB-KIT-169,Kitchenware,Storage Containers,2026-04-20,3,0.9,1.1,5.4,10.0,4147.51,7652.95
NB-KIT-169,Kitchenware,Storage Containers,2026-04-27,4,0.3,0.6,6.0,3.0,4147.51,7652.95
NB-KIT-169,Kitchenware,Storage Containers,2026-05-04,5,0.0,0.5,6.3,0.4,4147.51,7652.95
NB-KIT-169,Kitchenware,Storage Containers,2026-05-11,6,3.1,0.5,6.3,0.4,4147.51,7652.95
NB-KIT-169,Kitchenware,Storage Containers,2026-05-18,7,3.0,0.5,6.9,0.9,4147.51,7652.95
NB-KIT-169,Kitchenware,Storage Containers,2026-05-25,8,3.2,0.0,6.8,0.3,4147.51,7652.95
NB-KIT-170,Kitchenware,Storage Containers,2026-04-06,1,5.8,2.6,10.0,23.0,4370.03,9072.22
NB-KIT-170,Kitchenware,Storage Containers,2026-04-13,2,3.6,2.0,6.3,20.0,4370.03,9072.22
NB-KIT-170,Kitchenware,Storage Containers,2026-04-20,3,2.5,1.1,5.5,21.0,4370.03,9072.22
NB-KIT-170,Kitchenware,Storage Containers,2026-04-27,4,0.0,1.6,5.6,8.0,4370.03,9072.22
NB-KIT-170,Kitchenware,Storage Containers,2026-05-04,5,0.0,1.6,4.9,5.8,4370.03,9072.22
NB-KIT-170,Kitchenware,Storage Containers,2026-05-11,6,0.0,0.8,5.5,3.6,4370.03,9072.22
NB-KIT-170,Kitchenware,Storage Containers,2026-05-18,7,0.8,0.2,6.0,2.5,4370.03,9072.22
NB-KIT-170,Kitchenware,Storage Containers,2026-05-25,8,0.1,0.3,5.2,0.0,4370.03,9072.22
NB-KIT-171,Kitchenware,Cookware Sets,2026-04-06,1,2.2,0.5,7.4,4.0,3902.48,7663.86
NB-KIT-171,Kitchenware,Cookware Sets,2026-04-13,2,2.0,0.6,7.1,5.0,3902.48,7663.86
NB-KIT-171,Kitchenware,Cookware Sets,2026-04-20,3,2.3,0.2,7.0,5.0,3902.48,7663.86
NB-KIT-171,Kitchenware,Cookware Sets,2026-04-27,4,2.4,0.1,7.0,0.0,3902.48,7663.86
NB-KIT-171,Kitchenware,Cookware Sets,2026-05-04,5,2.5,0.0,6.8,2.2,3902.48,7663.86
NB-KIT-171,Kitchenware,Cookware Sets,2026-05-11,6,2.5,0.0,6.8,2.0,3902.48,7663.86
NB-KIT-171,Kitchenware,Cookware Sets,2026-05-18,7,2.0,0.0,6.8,2.3,3902.48,7663.86
NB-KIT-171,Kitchenware,Cookware Sets,2026-05-25,8,1.4,0.0,6.8,2.4,3902.48,7663.86
NB-KIT-172,Kitchenware,Storage Containers,2026-04-06,1,2.0,0.1,6.8,2.0,3716.98,7954.62
NB-KIT-172,Kitchenware,Storage Containers,2026-04-13,2,1.8,0.0,6.8,2.0,3716.98,7954.62
NB-KIT-172,Kitchenware,Storage Containers,2026-04-20,3,1.7,0.0,6.8,6.0,3716.98,7954.62
NB-KIT-172,Kitchenware,Storage Containers,2026-04-27,4,1.8,0.0,6.8,0.0,3716.98,7954.62
NB-KIT-172,Kitchenware,Storage Containers,2026-05-04,5,1.8,0.0,6.8,2.0,3716.98,7954.62
NB-KIT-172,Kitchenware,Storage Containers,2026-05-11,6,1.9,0.0,6.8,1.8,3716.98,7954.62
NB-KIT-172,Kitchenware,Storage Containers,2026-05-18,7,1.8,0.1,6.7,1.7,3716.98,7954.62
NB-KIT-172,Kitchenware,Storage Containers,2026-05-25,8,1.7,0.0,6.7,1.8,3716.98,7954.62
NB-KIT-173,Kitchenware,Dinnerware,2026-04-06,1,0.6,0.0,6.7,2.0,1657.75,4104.83
NB-KIT-173,Kitchenware,Dinnerware,2026-04-13,2,0.6,0.0,6.7,1.0,1657.75,4104.83
NB-KIT-173,Kitchenware,Dinnerware,2026-04-20,3,0.7,0.0,6.7,1.0,1657.75,4104.83
NB-KIT-173,Kitchenware,Dinnerware,2026-04-27,4,0.5,0.0,6.7,1.0,1657.75,4104.83
NB-KIT-173,Kitchenware,Dinnerware,2026-05-04,5,0.9,0.0,6.7,0.6,1657.75,4104.83
NB-KIT-173,Kitchenware,Dinnerware,2026-05-11,6,0.9,0.0,6.7,0.6,1657.75,4104.83
NB-KIT-173,Kitchenware,Dinnerware,2026-05-18,7,0.5,0.0,6.7,0.7,1657.75,4104.83
NB-KIT-173,Kitchenware,Dinnerware,2026-05-25,8,0.6,0.0,6.7,0.5,1657.75,4104.83
NB-KIT-174,Kitchenware,Cookware Sets,2026-04-06,1,2.7,0.1,7.4,10.0,3062.17,6534.9
NB-KIT-174,Kitchenware,Cookware Sets,2026-04-13,2,2.7,0.1,7.0,3.0,3062.17,6534.9
NB-KIT-174,Kitchenware,Cookware Sets,2026-04-20,3,2.1,0.1,7.0,3.0,3062.17,6534.9
NB-KIT-174,Kitchenware,Cookware Sets,2026-04-27,4,2.4,0.1,7.0,1.0,3062.17,6534.9
NB-KIT-174,Kitchenware,Cookware Sets,2026-05-04,5,2.6,0.0,7.0,2.7,3062.17,6534.9
NB-KIT-174,Kitchenware,Cookware Sets,2026-05-11,6,2.3,0.0,6.8,2.7,3062.17,6534.9
NB-KIT-174,Kitchenware,Cookware Sets,2026-05-18,7,2.2,0.0,6.8,2.1,3062.17,6534.9
NB-KIT-174,Kitchenware,Cookware Sets,2026-05-25,8,1.6,0.0,6.8,2.4,3062.17,6534.9
NB-KIT-175,Kitchenware,Baking Tools,2026-04-06,1,1.8,0.0,6.8,4.0,1819.47,4194.16
NB-KIT-175,Kitchenware,Baking Tools,2026-04-13,2,1.7,0.0,6.8,2.0,1819.47,4194.16
NB-KIT-175,Kitchenware,Baking Tools,2026-04-20,3,1.9,0.0,6.8,6.0,1819.47,4194.16
NB-KIT-175,Kitchenware,Baking Tools,2026-04-27,4,1.7,0.0,6.7,0.0,1819.47,4194.16
NB-KIT-175,Kitchenware,Baking Tools,2026-05-04,5,1.8,0.0,6.7,1.8,1819.47,4194.16
NB-KIT-175,Kitchenware,Baking Tools,2026-05-11,6,1.8,0.0,6.7,1.7,1819.47,4194.16
NB-KIT-175,Kitchenware,Baking Tools,2026-05-18,7,1.7,0.0,6.7,1.9,1819.47,4194.16
NB-KIT-175,Kitchenware,Baking Tools,2026-05-25,8,1.7,0.0,6.7,1.7,1819.47,4194.16
NB-KIT-176,Kitchenware,Cookware Sets,2026-04-06,1,2.1,0.0,6.7,3.0,1154.94,2470.85
NB-KIT-176,Kitchenware,Cookware Sets,2026-04-13,2,2.0,0.0,6.7,0.0,1154.94,2470.85
NB-KIT-176,Kitchenware,Cookware Sets,2026-04-20,3,1.8,0.0,6.7,2.0,1154.94,2470.85
NB-KIT-176,Kitchenware,Cookware Sets,2026-04-27,4,1.8,0.0,6.7,1.0,1154.94,2470.85
NB-KIT-176,Kitchenware,Cookware Sets,2026-05-04,5,2.0,0.0,6.7,2.1,1154.94,2470.85
NB-KIT-176,Kitchenware,Cookware Sets,2026-05-11,6,2.2,0.0,6.7,2.0,1154.94,2470.85
NB-KIT-176,Kitchenware,Cookware Sets,2026-05-18,7,1.9,0.0,6.7,1.8,1154.94,2470.85
NB-KIT-176,Kitchenware,Cookware Sets,2026-05-25,8,1.3,0.0,6.7,1.8,1154.94,2470.85
NB-KIT-177,Kitchenware,Storage Containers,2026-04-06,1,2.0,0.0,6.8,1.0,809.99,2007.57
NB-KIT-177,Kitchenware,Storage Containers,2026-04-13,2,2.0,0.0,6.8,2.0,809.99,2007.57
NB-KIT-177,Kitchenware,Storage Containers,2026-04-20,3,2.0,0.0,6.8,6.0,809.99,2007.57
NB-KIT-177,Kitchenware,Storage Containers,2026-04-27,4,1.9,0.0,6.8,3.0,809.99,2007.57
NB-KIT-177,Kitchenware,Storage Containers,2026-05-04,5,2.2,0.0,6.7,2.0,809.99,2007.57
NB-KIT-177,Kitchenware,Storage Containers,2026-05-11,6,2.3,0.0,6.7,2.0,809.99,2007.57
NB-KIT-177,Kitchenware,Storage Containers,2026-05-18,7,2.3,0.0,6.7,2.0,809.99,2007.57
NB-KIT-177,Kitchenware,Storage Containers,2026-05-25,8,1.6,0.0,6.7,1.9,809.99,2007.57
NB-KIT-178,Kitchenware,Cutlery,2026-04-06,1,1.9,0.0,6.7,0.0,1605.15,2746.31
NB-KIT-178,Kitchenware,Cutlery,2026-04-13,2,1.2,0.0,6.7,2.0,1605.15,2746.31
NB-KIT-178,Kitchenware,Cutlery,2026-04-20,3,1.8,0.0,6.7,3.0,1605.15,2746.31
NB-KIT-178,Kitchenware,Cutlery,2026-04-27,4,1.7,0.0,6.7,1.0,1605.15,2746.31
NB-KIT-178,Kitchenware,Cutlery,2026-05-04,5,1.9,0.0,6.7,1.9,1605.15,2746.31
NB-KIT-178,Kitchenware,Cutlery,2026-05-11,6,1.1,0.1,6.7,1.2,1605.15,2746.31
NB-KIT-178,Kitchenware,Cutlery,2026-05-18,7,1.1,0.1,6.7,1.8,1605.15,2746.31
NB-KIT-178,Kitchenware,Cutlery,2026-05-25,8,0.9,0.1,6.7,1.7,1605.15,2746.31
NB-KIT-179,Kitchenware,Cookware Sets,2026-04-06,1,0.7,0.0,6.7,1.0,2238.08,4015.05
NB-KIT-179,Kitchenware,Cookware Sets,2026-04-13,2,0.5,0.0,6.7,1.0,2238.08,4015.05
NB-KIT-179,Kitchenware,Cookware Sets,2026-04-20,3,0.5,0.0,6.7,2.0,2238.08,4015.05
NB-KIT-179,Kitchenware,Cookware Sets,2026-04-27,4,0.7,0.0,6.7,0.0,2238.08,4015.05
NB-KIT-179,Kitchenware,Cookware Sets,2026-05-04,5,0.6,0.0,6.7,0.7,2238.08,4015.05
NB-KIT-179,Kitchenware,Cookware Sets,2026-05-11,6,0.6,0.0,6.7,0.5,2238.08,4015.05
NB-KIT-179,Kitchenware,Cookware Sets,2026-05-18,7,0.6,0.0,6.7,0.5,2238.08,4015.05
NB-KIT-179,Kitchenware,Cookware Sets,2026-05-25,8,0.7,0.0,6.7,0.7,2238.08,4015.05
NB-KIT-180,Kitchenware,Dinnerware,2026-04-06,1,1.4,0.0,6.7,4.0,2437.26,4676.47
NB-KIT-180,Kitchenware,Dinnerware,2026-04-13,2,1.5,0.0,6.7,3.0,2437.26,4676.47
NB-KIT-180,Kitchenware,Dinnerware,2026-04-20,3,1.1,0.0,6.7,1.0,2437.26,4676.47
NB-KIT-180,Kitchenware,Dinnerware,2026-04-27,4,1.1,0.0,6.7,0.0,2437.26,4676.47
NB-KIT-180,Kitchenware,Dinnerware,2026-05-04,5,0.7,0.0,6.7,1.4,2437.26,4676.47
NB-KIT-180,Kitchenware,Dinnerware,2026-05-11,6,0.5,0.0,6.7,1.5,2437.26,4676.47
NB-KIT-180,Kitchenware,Dinnerware,2026-05-18,7,0.6,0.0,6.7,1.1,2437.26,4676.47
NB-KIT-180,Kitchenware,Dinnerware,2026-05-25,8,0.7,0.0,6.7,1.1,2437.26,4676.47
NB-KIT-181,Kitchenware,Storage Containers,2026-04-06,1,1.7,0.0,6.8,0.0,1323.67,2833.99
NB-KIT-181,Kitchenware,Storage Containers,2026-04-13,2,1.7,0.2,6.7,4.0,1323.67,2833.99
NB-KIT-181,Kitchenware,Storage Containers,2026-04-20,3,1.6,0.0,6.7,2.0,1323.67,2833.99
NB-KIT-181,Kitchenware,Storage Containers,2026-04-27,4,1.7,0.0,6.7,2.0,1323.67,2833.99
NB-KIT-181,Kitchenware,Storage Containers,2026-05-04,5,1.9,0.0,6.7,1.7,1323.67,2833.99
NB-KIT-181,Kitchenware,Storage Containers,2026-05-11,6,1.7,0.0,6.7,1.7,1323.67,2833.99
NB-KIT-181,Kitchenware,Storage Containers,2026-05-18,7,1.9,0.0,6.7,1.6,1323.67,2833.99
NB-KIT-181,Kitchenware,Storage Containers,2026-05-25,8,1.3,0.0,6.7,1.7,1323.67,2833.99
NB-KIT-182,Kitchenware,Baking Tools,2026-04-06,1,0.1,0.0,6.7,1.0,2434.61,5851.49
NB-KIT-182,Kitchenware,Baking Tools,2026-04-13,2,0.0,0.0,6.7,0.0,2434.61,5851.49
NB-KIT-182,Kitchenware,Baking Tools,2026-04-20,3,0.6,0.0,6.7,1.0,2434.61,5851.49
NB-KIT-182,Kitchenware,Baking Tools,2026-04-27,4,0.1,0.0,6.7,0.0,2434.61,5851.49
NB-KIT-182,Kitchenware,Baking Tools,2026-05-04,5,0.6,0.0,6.7,0.1,2434.61,5851.49
NB-KIT-182,Kitchenware,Baking Tools,2026-05-11,6,0.6,0.0,6.7,0.0,2434.61,5851.49
NB-KIT-182,Kitchenware,Baking Tools,2026-05-18,7,0.6,0.0,6.7,0.6,2434.61,5851.49
NB-KIT-182,Kitchenware,Baking Tools,2026-05-25,8,0.6,0.0,6.7,0.1,2434.61,5851.49
NB-KIT-183,Kitchenware,Storage Containers,2026-04-06,1,0.8,0.0,6.7,4.0,1727.48,4025.33
NB-KIT-183,Kitchenware,Storage Containers,2026-04-13,2,0.4,0.0,6.7,1.0,1727.48,4025.33
NB-KIT-183,Kitchenware,Storage Containers,2026-04-20,3,0.5,0.0,6.7,1.0,1727.48,4025.33
NB-KIT-183,Kitchenware,Storage Containers,2026-04-27,4,0.6,0.0,6.7,1.0,1727.48,4025.33
NB-KIT-183,Kitchenware,Storage Containers,2026-05-04,5,0.5,0.0,6.7,0.8,1727.48,4025.33
NB-KIT-183,Kitchenware,Storage Containers,2026-05-11,6,0.5,0.0,6.7,0.4,1727.48,4025.33
NB-KIT-183,Kitchenware,Storage Containers,2026-05-18,7,0.5,0.0,6.7,0.5,1727.48,4025.33
NB-KIT-183,Kitchenware,Storage Containers,2026-05-25,8,0.5,0.0,6.7,0.6,1727.48,4025.33
NB-KIT-184,Kitchenware,Dinnerware,2026-04-06,1,0.0,0.0,6.7,0.0,3349.41,7938.04
NB-KIT-184,Kitchenware,Dinnerware,2026-04-13,2,0.1,0.0,6.7,0.0,3349.41,7938.04
NB-KIT-184,Kitchenware,Dinnerware,2026-04-20,3,0.6,0.0,6.7,0.0,3349.41,7938.04
NB-KIT-184,Kitchenware,Dinnerware,2026-04-27,4,0.6,0.0,6.7,0.0,3349.41,7938.04
NB-KIT-184,Kitchenware,Dinnerware,2026-05-04,5,0.6,0.0,6.7,0.0,3349.41,7938.04
NB-KIT-184,Kitchenware,Dinnerware,2026-05-11,6,0.6,0.0,6.7,0.1,3349.41,7938.04
NB-KIT-184,Kitchenware,Dinnerware,2026-05-18,7,0.5,0.0,6.7,0.6,3349.41,7938.04
NB-KIT-184,Kitchenware,Dinnerware,2026-05-25,8,0.5,0.0,6.7,0.6,3349.41,7938.04
NB-KIT-185,Kitchenware,Storage Containers,2026-04-06,1,0.1,0.0,6.7,0.0,3934.09,8093.36
NB-KIT-185,Kitchenware,Storage Containers,2026-04-13,2,0.1,0.0,6.7,0.0,3934.09,8093.36
NB-KIT-185,Kitchenware,Storage Containers,2026-04-20,3,0.5,0.0,6.7,0.0,3934.09,8093.36
NB-KIT-185,Kitchenware,Storage Containers,2026-04-27,4,0.5,0.0,6.7,0.0,3934.09,8093.36
NB-KIT-185,Kitchenware,Storage Containers,2026-05-04,5,0.5,0.0,6.7,0.1,3934.09,8093.36
NB-KIT-185,Kitchenware,Storage Containers,2026-05-11,6,0.6,0.0,6.7,0.1,3934.09,8093.36
NB-KIT-185,Kitchenware,Storage Containers,2026-05-18,7,0.5,0.0,6.7,0.5,3934.09,8093.36
NB-KIT-185,Kitchenware,Storage Containers,2026-05-25,8,0.6,0.0,6.7,0.5,3934.09,8093.36
NB-KIT-186,Kitchenware,Baking Tools,2026-04-06,1,2.5,0.5,8.0,5.0,3504.07,7014.34
NB-KIT-186,Kitchenware,Baking Tools,2026-04-13,2,2.3,0.7,8.1,8.0,3504.07,7014.34
NB-KIT-186,Kitchenware,Baking Tools,2026-04-20,3,2.3,0.6,8.1,8.0,3504.07,7014.34
NB-KIT-186,Kitchenware,Baking Tools,2026-04-27,4,2.4,0.5,7.5,0.0,3504.07,7014.34
NB-KIT-186,Kitchenware,Baking Tools,2026-05-04,5,3.1,0.1,7.0,2.5,3504.07,7014.34
NB-KIT-186,Kitchenware,Baking Tools,2026-05-11,6,2.7,0.1,7.0,2.3,3504.07,7014.34
NB-KIT-186,Kitchenware,Baking Tools,2026-05-18,7,2.7,0.1,6.8,2.3,3504.07,7014.34
NB-KIT-186,Kitchenware,Baking Tools,2026-05-25,8,1.9,0.1,6.8,2.4,3504.07,7014.34
NB-KIT-187,Kitchenware,Cutlery,2026-04-06,1,2.1,0.0,6.8,2.0,4419.25,8357.0
NB-KIT-187,Kitchenware,Cutlery,2026-04-13,2,2.1,0.2,6.8,2.0,4419.25,8357.0
NB-KIT-187,Kitchenware,Cutlery,2026-04-20,3,2.2,0.2,6.8,5.0,4419.25,8357.0
NB-KIT-187,Kitchenware,Cutlery,2026-04-27,4,2.1,0.0,6.8,0.0,4419.25,8357.0
NB-KIT-187,Kitchenware,Cutlery,2026-05-04,5,2.1,0.0,6.8,2.1,4419.25,8357.0
NB-KIT-187,Kitchenware,Cutlery,2026-05-11,6,2.2,0.0,6.8,2.1,4419.25,8357.0
NB-KIT-187,Kitchenware,Cutlery,2026-05-18,7,2.2,0.0,6.7,2.2,4419.25,8357.0
NB-KIT-187,Kitchenware,Cutlery,2026-05-25,8,1.7,0.0,6.7,2.1,4419.25,8357.0
NB-KIT-188,Kitchenware,Storage Containers,2026-04-06,1,2.1,0.0,7.0,6.0,483.32,1109.59
NB-KIT-188,Kitchenware,Storage Containers,2026-04-13,2,2.0,0.0,7.0,5.0,483.32,1109.59
NB-KIT-188,Kitchenware,Storage Containers,2026-04-20,3,1.0,0.0,7.0,2.0,483.32,1109.59
NB-KIT-188,Kitchenware,Storage Containers,2026-04-27,4,1.2,0.0,6.8,2.0,483.32,1109.59
NB-KIT-188,Kitchenware,Storage Containers,2026-05-04,5,1.4,0.0,6.8,2.1,483.32,1109.59
NB-KIT-188,Kitchenware,Storage Containers,2026-05-11,6,1.1,0.0,6.8,2.0,483.32,1109.59
NB-KIT-188,Kitchenware,Storage Containers,2026-05-18,7,1.9,0.0,6.8,1.0,483.32,1109.59
NB-KIT-188,Kitchenware,Storage Containers,2026-05-25,8,1.8,0.0,6.7,1.2,483.32,1109.59
NB-KIT-189,Kitchenware,Storage Containers,2026-04-06,1,0.7,0.0,6.7,1.0,1921.53,4286.84
NB-KIT-189,Kitchenware,Storage Containers,2026-04-13,2,0.7,0.0,6.7,1.0,1921.53,4286.84
NB-KIT-189,Kitchenware,Storage Containers,2026-04-20,3,0.7,0.0,6.7,0.0,1921.53,4286.84
NB-KIT-189,Kitchenware,Storage Containers,2026-04-27,4,0.5,0.0,6.7,0.0,1921.53,4286.84
NB-KIT-189,Kitchenware,Storage Containers,2026-05-04,5,0.5,0.0,6.7,0.7,1921.53,4286.84
NB-KIT-189,Kitchenware,Storage Containers,2026-05-11,6,0.5,0.0,6.7,0.7,1921.53,4286.84
NB-KIT-189,Kitchenware,Storage Containers,2026-05-18,7,0.7,0.0,6.7,0.7,1921.53,4286.84
NB-KIT-189,Kitchenware,Storage Containers,2026-05-25,8,0.7,0.0,6.7,0.5,1921.53,4286.84
NB-KIT-190,Kitchenware,Cutlery,2026-04-06,1,2.0,0.0,6.7,1.0,2380.38,4117.14
NB-KIT-190,Kitchenware,Cutlery,2026-04-13,2,2.4,0.0,6.7,2.0,2380.38,4117.14
NB-KIT-190,Kitchenware,Cutlery,2026-04-20,3,2.3,0.0,6.7,1.0,2380.38,4117.14
NB-KIT-190,Kitchenware,Cutlery,2026-04-27,4,2.3,0.0,6.7,0.0,2380.38,4117.14
NB-KIT-190,Kitchenware,Cutlery,2026-05-04,5,2.3,0.0,6.7,2.0,2380.38,4117.14
NB-KIT-190,Kitchenware,Cutlery,2026-05-11,6,2.2,0.0,6.7,2.4,2380.38,4117.14
NB-KIT-190,Kitchenware,Cutlery,2026-05-18,7,2.3,0.0,6.7,2.3,2380.38,4117.14
NB-KIT-190,Kitchenware,Cutlery,2026-05-25,8,1.7,0.0,6.7,2.3,2380.38,4117.14
NB-KIT-191,Kitchenware,Dinnerware,2026-04-06,1,1.7,0.0,6.7,4.0,3952.74,9484.02
NB-KIT-191,Kitchenware,Dinnerware,2026-04-13,2,1.1,0.0,6.7,1.0,3952.74,9484.02
NB-KIT-191,Kitchenware,Dinnerware,2026-04-20,3,1.1,0.0,6.7,2.0,3952.74,9484.02
NB-KIT-191,Kitchenware,Dinnerware,2026-04-27,4,1.2,0.0,6.7,0.0,3952.74,9484.02
NB-KIT-191,Kitchenware,Dinnerware,2026-05-04,5,1.3,0.0,6.7,1.7,3952.74,9484.02
NB-KIT-191,Kitchenware,Dinnerware,2026-05-11,6,1.2,0.0,6.7,1.1,3952.74,9484.02
NB-KIT-191,Kitchenware,Dinnerware,2026-05-18,7,0.4,0.0,6.7,1.1,3952.74,9484.02
NB-KIT-191,Kitchenware,Dinnerware,2026-05-25,8,0.2,0.0,6.7,1.2,3952.74,9484.02
NB-KIT-192,Kitchenware,Storage Containers,2026-04-06,1,0.7,0.0,6.7,3.0,364.46,661.61
NB-KIT-192,Kitchenware,Storage Containers,2026-04-13,2,0.6,0.0,6.7,0.0,364.46,661.61
NB-KIT-192,Kitchenware,Storage Containers,2026-04-20,3,0.4,0.0,6.7,1.0,364.46,661.61
NB-KIT-192,Kitchenware,Storage Containers,2026-04-27,4,0.4,0.0,6.7,0.0,364.46,661.61
NB-KIT-192,Kitchenware,Storage Containers,2026-05-04,5,0.4,0.0,6.7,0.7,364.46,661.61
NB-KIT-192,Kitchenware,Storage Containers,2026-05-11,6,0.6,0.0,6.7,0.6,364.46,661.61
NB-KIT-192,Kitchenware,Storage Containers,2026-05-18,7,0.5,0.0,6.7,0.4,364.46,661.61
NB-KIT-192,Kitchenware,Storage Containers,2026-05-25,8,0.6,0.0,6.7,0.4,364.46,661.61
NB-KIT-193,Kitchenware,Cutlery,2026-04-06,1,1.9,0.0,6.7,3.0,614.28,1428.34
NB-KIT-193,Kitchenware,Cutlery,2026-04-13,2,1.9,0.0,6.7,2.0,614.28,1428.34
NB-KIT-193,Kitchenware,Cutlery,2026-04-20,3,2.1,0.0,6.7,0.0,614.28,1428.34
NB-KIT-193,Kitchenware,Cutlery,2026-04-27,4,1.9,0.0,6.7,3.0,614.28,1428.34
NB-KIT-193,Kitchenware,Cutlery,2026-05-04,5,2.0,0.0,6.7,1.9,614.28,1428.34
NB-KIT-193,Kitchenware,Cutlery,2026-05-11,6,1.9,0.0,6.7,1.9,614.28,1428.34
NB-KIT-193,Kitchenware,Cutlery,2026-05-18,7,1.9,0.0,6.7,2.1,614.28,1428.34
NB-KIT-193,Kitchenware,Cutlery,2026-05-25,8,1.2,0.0,6.7,1.9,614.28,1428.34
NB-KIT-194,Kitchenware,Storage Containers,2026-04-06,1,1.9,0.0,6.8,4.0,3029.31,7214.04
NB-KIT-194,Kitchenware,Storage Containers,2026-04-13,2,1.9,0.0,6.8,4.0,3029.31,7214.04
NB-KIT-194,Kitchenware,Storage Containers,2026-04-20,3,1.9,0.0,6.8,4.0,3029.31,7214.04
NB-KIT-194,Kitchenware,Storage Containers,2026-04-27,4,2.1,0.0,6.8,0.0,3029.31,7214.04
NB-KIT-194,Kitchenware,Storage Containers,2026-05-04,5,2.0,0.0,6.7,1.9,3029.31,7214.04
NB-KIT-194,Kitchenware,Storage Containers,2026-05-11,6,2.1,0.0,6.8,1.9,3029.31,7214.04
NB-KIT-194,Kitchenware,Storage Containers,2026-05-18,7,2.0,0.0,6.7,1.9,3029.31,7214.04
NB-KIT-194,Kitchenware,Storage Containers,2026-05-25,8,1.5,0.0,6.7,2.1,3029.31,7214.04
NB-KIT-195,Kitchenware,Baking Tools,2026-04-06,1,1.9,0.0,6.8,6.0,1896.04,3703.59
NB-KIT-195,Kitchenware,Baking Tools,2026-04-13,2,2.1,0.0,6.8,1.0,1896.04,3703.59
NB-KIT-195,Kitchenware,Baking Tools,2026-04-20,3,2.0,0.0,6.8,3.0,1896.04,3703.59
NB-KIT-195,Kitchenware,Baking Tools,2026-04-27,4,2.0,0.0,6.8,0.0,1896.04,3703.59
NB-KIT-195,Kitchenware,Baking Tools,2026-05-04,5,2.0,0.0,6.7,1.9,1896.04,3703.59
NB-KIT-195,Kitchenware,Baking Tools,2026-05-11,6,2.2,0.0,6.7,2.1,1896.04,3703.59
NB-KIT-195,Kitchenware,Baking Tools,2026-05-18,7,2.2,0.0,6.7,2.0,1896.04,3703.59
NB-KIT-195,Kitchenware,Baking Tools,2026-05-25,8,1.7,0.0,6.7,2.0,1896.04,3703.59
NB-KIT-196,Kitchenware,Storage Containers,2026-04-06,1,2.1,0.0,6.8,3.0,3964.01,6852.66
NB-KIT-196,Kitchenware,Storage Containers,2026-04-13,2,2.2,0.1,6.7,3.0,3964.01,6852.66
NB-KIT-196,Kitchenware,Storage Containers,2026-04-20,3,1.9,0.0,6.7,5.0,3964.01,6852.66
NB-KIT-196,Kitchenware,Storage Containers,2026-04-27,4,2.1,0.0,6.7,1.0,3964.01,6852.66
NB-KIT-196,Kitchenware,Storage Containers,2026-05-04,5,2.2,0.1,6.7,2.1,3964.01,6852.66
NB-KIT-196,Kitchenware,Storage Containers,2026-05-11,6,2.3,0.1,6.7,2.2,3964.01,6852.66
NB-KIT-196,Kitchenware,Storage Containers,2026-05-18,7,2.2,0.1,6.7,1.9,3964.01,6852.66
NB-KIT-196,Kitchenware,Storage Containers,2026-05-25,8,1.7,0.0,6.7,2.1,3964.01,6852.66
NB-KIT-197,Kitchenware,Dinnerware,2026-04-06,1,0.0,0.0,6.7,1.0,4489.19,10313.52
NB-KIT-197,Kitchenware,Dinnerware,2026-04-13,2,0.1,0.0,6.7,0.0,4489.19,10313.52
NB-KIT-197,Kitchenware,Dinnerware,2026-04-20,3,0.6,0.0,6.7,0.0,4489.19,10313.52
NB-KIT-197,Kitchenware,Dinnerware,2026-04-27,4,0.6,0.0,6.7,0.0,4489.19,10313.52
NB-KIT-197,Kitchenware,Dinnerware,2026-05-04,5,0.6,0.0,6.7,0.0,4489.19,10313.52
NB-KIT-197,Kitchenware,Dinnerware,2026-05-11,6,0.6,0.0,6.7,0.1,4489.19,10313.52
NB-KIT-197,Kitchenware,Dinnerware,2026-05-18,7,0.6,0.0,6.7,0.6,4489.19,10313.52
NB-KIT-197,Kitchenware,Dinnerware,2026-05-25,8,0.5,0.0,6.7,0.6,4489.19,10313.52
NB-KIT-198,Kitchenware,Cookware Sets,2026-04-06,1,1.2,0.0,6.7,1.0,2163.45,4879.01
NB-KIT-198,Kitchenware,Cookware Sets,2026-04-13,2,1.5,0.0,6.7,3.0,2163.45,4879.01
NB-KIT-198,Kitchenware,Cookware Sets,2026-04-20,3,1.3,0.0,6.7,2.0,2163.45,4879.01
NB-KIT-198,Kitchenware,Cookware Sets,2026-04-27,4,1.0,0.0,6.7,0.0,2163.45,4879.01
NB-KIT-198,Kitchenware,Cookware Sets,2026-05-04,5,1.3,0.0,6.7,1.2,2163.45,4879.01
NB-KIT-198,Kitchenware,Cookware Sets,2026-05-11,6,0.6,0.0,6.7,1.5,2163.45,4879.01
NB-KIT-198,Kitchenware,Cookware Sets,2026-05-18,7,0.5,0.0,6.7,1.3,2163.45,4879.01
NB-KIT-198,Kitchenware,Cookware Sets,2026-05-25,8,0.7,0.0,6.7,1.0,2163.45,4879.01
NB-KIT-199,Kitchenware,Cookware Sets,2026-04-06,1,2.1,0.0,7.0,4.0,1532.14,3064.09
NB-KIT-199,Kitchenware,Cookware Sets,2026-04-13,2,2.1,0.0,7.0,4.0,1532.14,3064.09
NB-KIT-199,Kitchenware,Cookware Sets,2026-04-20,3,1.8,0.0,6.8,4.0,1532.14,3064.09
NB-KIT-199,Kitchenware,Cookware Sets,2026-04-27,4,1.6,0.0,6.8,1.0,1532.14,3064.09
NB-KIT-199,Kitchenware,Cookware Sets,2026-05-04,5,2.1,0.0,6.8,2.1,1532.14,3064.09
NB-KIT-199,Kitchenware,Cookware Sets,2026-05-11,6,1.9,0.0,6.8,2.1,1532.14,3064.09
NB-KIT-199,Kitchenware,Cookware Sets,2026-05-18,7,2.0,0.0,6.7,1.8,1532.14,3064.09
NB-KIT-199,Kitchenware,Cookware Sets,2026-05-25,8,1.7,0.0,6.7,1.6,1532.14,3064.09
NB-KIT-200,Kitchenware,Storage Containers,2026-04-06,1,2.0,0.0,6.7,2.0,2676.9,6247.93
NB-KIT-200,Kitchenware,Storage Containers,2026-04-13,2,1.7,0.1,6.7,1.0,2676.9,6247.93
NB-KIT-200,Kitchenware,Storage Containers,2026-04-20,3,1.7,0.0,6.7,5.0,2676.9,6247.93
NB-KIT-200,Kitchenware,Storage Containers,2026-04-27,4,1.5,0.0,6.7,1.0,2676.9,6247.93
NB-KIT-200,Kitchenware,Storage Containers,2026-05-04,5,1.9,0.1,6.7,2.0,2676.9,6247.93
NB-KIT-200,Kitchenware,Storage Containers,2026-05-11,6,1.8,0.1,6.7,1.7,2676.9,6247.93
NB-KIT-200,Kitchenware,Storage Containers,2026-05-18,7,1.7,0.1,6.7,1.7,2676.9,6247.93
NB-KIT-200,Kitchenware,Storage Containers,2026-05-25,8,1.3,0.0,6.7,1.5,2676.9,6247.93
NB-SMA-101,Small Appliances,Toasters,2026-04-06,1,24.0,7.7,24.0,60.0,3160.06,5767.9
NB-SMA-101,Small Appliances,Toasters,2026-04-13,2,19.7,7.7,19.7,65.0,3160.06,5767.9
NB-SMA-101,Small Appliances,Toasters,2026-04-20,3,6.1,6.4,22.9,69.0,3160.06,5767.9
NB-SMA-101,Small Appliances,Toasters,2026-04-27,4,0.0,7.5,26.0,14.0,3160.06,5767.9
NB-SMA-101,Small Appliances,Toasters,2026-05-04,5,0.0,4.4,17.2,24.0,3160.06,5767.9
NB-SMA-101,Small Appliances,Toasters,2026-05-11,6,0.7,1.0,15.2,19.7,3160.06,5767.9
NB-SMA-101,Small Appliances,Toasters,2026-05-18,7,0.0,1.4,8.6,6.1,3160.06,5767.9
NB-SMA-101,Small Appliances,Toasters,2026-05-25,8,0.0,0.8,4.6,0.0,3160.06,5767.9
NB-SMA-102,Small Appliances,Electric Kettles,2026-04-06,1,34.7,12.7,37.7,114.0,5036.44,10217.3
NB-SMA-102,Small Appliances,Electric Kettles,2026-04-13,2,38.5,13.1,38.5,108.0,5036.44,10217.3
NB-SMA-102,Small Appliances,Electric Kettles,2026-04-20,3,37.3,12.4,37.3,118.0,5036.44,10217.3
NB-SMA-102,Small Appliances,Electric Kettles,2026-04-27,4,20.0,8.6,20.0,30.0,5036.44,10217.3
NB-SMA-102,Small Appliances,Electric Kettles,2026-05-04,5,12.0,7.1,12.0,34.7,5036.44,10217.3
NB-SMA-102,Small Appliances,Electric Kettles,2026-05-11,6,8.5,6.3,8.5,38.5,5036.44,10217.3
NB-SMA-102,Small Appliances,Electric Kettles,2026-05-18,7,2.6,5.9,11.8,37.3,5036.44,10217.3
NB-SMA-102,Small Appliances,Electric Kettles,2026-05-25,8,0.6,3.6,13.9,20.0,5036.44,10217.3
NB-SMA-103,Small Appliances,Electric Kettles,2026-04-06,1,21.5,5.9,23.5,78.0,6152.76,13134.9
NB-SMA-103,Small Appliances,Electric Kettles,2026-04-13,2,12.7,6.7,28.2,60.0,6152.76,13134.9
NB-SMA-103,Small Appliances,Electric Kettles,2026-04-20,3,3.4,6.3,23.9,78.0,6152.76,13134.9
NB-SMA-103,Small Appliances,Electric Kettles,2026-04-27,4,0.0,6.4,24.8,17.0,6152.76,13134.9
NB-SMA-103,Small Appliances,Electric Kettles,2026-05-04,5,0.0,5.5,17.8,21.5,6152.76,13134.9
NB-SMA-103,Small Appliances,Electric Kettles,2026-05-11,6,0.3,1.2,12.4,12.7,6152.76,13134.9
NB-SMA-103,Small Appliances,Electric Kettles,2026-05-18,7,0.0,1.4,8.7,3.4,6152.76,13134.9
NB-SMA-103,Small Appliances,Electric Kettles,2026-05-25,8,0.0,0.6,2.5,0.0,6152.76,13134.9
NB-SMA-104,Small Appliances,Toasters,2026-04-06,1,4.5,5.3,28.4,37.0,6390.71,12949.14
NB-SMA-104,Small Appliances,Toasters,2026-04-13,2,0.0,5.4,24.9,38.0,6390.71,12949.14
NB-SMA-104,Small Appliances,Toasters,2026-04-20,3,1.1,4.7,11.9,34.0,6390.71,12949.14
NB-SMA-104,Small Appliances,Toasters,2026-04-27,4,0.0,2.3,5.7,13.0,6390.71,12949.14
NB-SMA-104,Small Appliances,Toasters,2026-05-04,5,0.0,1.6,6.3,4.5,6390.71,12949.14
NB-SMA-104,Small Appliances,Toasters,2026-05-11,6,0.0,1.5,6.8,0.0,6390.71,12949.14
NB-SMA-104,Small Appliances,Toasters,2026-05-18,7,0.9,0.5,3.3,1.1,6390.71,12949.14
NB-SMA-104,Small Appliances,Toasters,2026-05-25,8,0.3,0.2,5.8,0.0,6390.71,12949.14
NB-SMA-105,Small Appliances,Electric Kettles,2026-04-06,1,32.7,9.1,32.7,90.0,6742.89,11243.58
NB-SMA-105,Small Appliances,Electric Kettles,2026-04-13,2,28.8,10.5,28.8,91.0,6742.89,11243.58
NB-SMA-105,Small Appliances,Electric Kettles,2026-04-20,3,16.9,9.7,16.9,78.0,6742.89,11243.58
NB-SMA-105,Small Appliances,Electric Kettles,2026-04-27,4,9.0,7.2,9.0,21.0,6742.89,11243.58
NB-SMA-105,Small Appliances,Electric Kettles,2026-05-04,5,0.0,6.5,16.3,32.7,6742.89,11243.58
NB-SMA-105,Small Appliances,Electric Kettles,2026-05-11,6,0.0,5.7,15.9,28.8,6742.89,11243.58
NB-SMA-105,Small Appliances,Electric Kettles,2026-05-18,7,1.7,1.1,14.9,16.9,6742.89,11243.58
NB-SMA-105,Small Appliances,Electric Kettles,2026-05-25,8,0.0,0.9,13.3,9.0,6742.89,11243.58
NB-SMA-106,Small Appliances,Blenders,2026-04-06,1,37.6,11.6,43.2,143.0,4191.83,7273.22
NB-SMA-106,Small Appliances,Blenders,2026-04-13,2,46.9,12.8,46.9,90.0,4191.83,7273.22
NB-SMA-106,Small Appliances,Blenders,2026-04-20,3,41.1,13.7,41.1,134.0,4191.83,7273.22
NB-SMA-106,Small Appliances,Blenders,2026-04-27,4,21.8,11.5,21.8,20.0,4191.83,7273.22
NB-SMA-106,Small Appliances,Blenders,2026-05-04,5,16.5,8.5,16.5,37.6,4191.83,7273.22
NB-SMA-106,Small Appliances,Blenders,2026-05-11,6,10.6,6.4,10.6,46.9,4191.83,7273.22
NB-SMA-106,Small Appliances,Blenders,2026-05-18,7,2.9,6.0,2.9,41.1,4191.83,7273.22
NB-SMA-106,Small Appliances,Blenders,2026-05-25,8,2.2,5.5,14.4,21.8,4191.83,7273.22
NB-SMA-107,Small Appliances,Air Fryers,2026-04-06,1,30.7,11.6,33.6,100.0,3338.47,5902.83
NB-SMA-107,Small Appliances,Air Fryers,2026-04-13,2,35.6,11.8,35.6,109.0,3338.47,5902.83
NB-SMA-107,Small Appliances,Air Fryers,2026-04-20,3,22.9,10.6,22.9,103.0,3338.47,5902.83
NB-SMA-107,Small Appliances,Air Fryers,2026-04-27,4,11.5,8.5,11.5,19.0,3338.47,5902.83
NB-SMA-107,Small Appliances,Air Fryers,2026-05-04,5,10.4,6.3,10.4,30.7,3338.47,5902.83
NB-SMA-107,Small Appliances,Air Fryers,2026-05-11,6,0.0,6.3,0.0,35.6,3338.47,5902.83
NB-SMA-107,Small Appliances,Air Fryers,2026-05-18,7,1.7,4.6,13.7,22.9,3338.47,5902.83
NB-SMA-107,Small Appliances,Air Fryers,2026-05-25,8,0.0,0.9,13.6,11.5,3338.47,5902.83
NB-SMA-108,Small Appliances,Coffee Makers,2026-04-06,1,31.6,9.3,31.6,97.0,6031.65,10444.51
NB-SMA-108,Small Appliances,Coffee Makers,2026-04-13,2,20.6,10.3,20.6,56.0,6031.65,10444.51
NB-SMA-108,Small Appliances,Coffee Makers,2026-04-20,3,13.5,7.4,13.5,67.0,6031.65,10444.51
NB-SMA-108,Small Appliances,Coffee Makers,2026-04-27,4,5.3,6.4,5.3,23.0,6031.65,10444.51
NB-SMA-108,Small Appliances,Coffee Makers,2026-05-04,5,0.0,6.3,27.1,31.6,6031.65,10444.51
NB-SMA-108,Small Appliances,Coffee Makers,2026-05-11,6,1.4,5.7,14.6,20.6,6031.65,10444.51
NB-SMA-108,Small Appliances,Coffee Makers,2026-05-18,7,0.2,1.1,16.6,13.5,6031.65,10444.51
NB-SMA-108,Small Appliances,Coffee Makers,2026-05-25,8,0.0,1.4,9.6,5.3,6031.65,10444.51
NB-SMA-109,Small Appliances,Air Fryers,2026-04-06,1,9.4,5.3,30.9,46.0,10295.49,18250.13
NB-SMA-109,Small Appliances,Air Fryers,2026-04-13,2,4.6,5.5,22.0,31.0,10295.49,18250.13
NB-SMA-109,Small Appliances,Air Fryers,2026-04-20,3,1.3,6.2,16.2,50.0,10295.49,18250.13
NB-SMA-109,Small Appliances,Air Fryers,2026-04-27,4,0.0,1.8,4.4,13.0,10295.49,18250.13
NB-SMA-109,Small Appliances,Air Fryers,2026-05-04,5,0.0,1.6,6.3,9.4,10295.49,18250.13
NB-SMA-109,Small Appliances,Air Fryers,2026-05-11,6,0.0,1.5,6.3,4.6,10295.49,18250.13
NB-SMA-109,Small Appliances,Air Fryers,2026-05-18,7,0.0,1.1,5.0,1.3,10295.49,18250.13
NB-SMA-109,Small Appliances,Air Fryers,2026-05-25,8,0.6,0.2,5.1,0.0,10295.49,18250.13
NB-SMA-110,Small Appliances,Coffee Makers,2026-04-06,1,36.8,11.2,36.8,81.0,10538.67,21455.85
NB-SMA-110,Small Appliances,Coffee Makers,2026-04-13,2,27.5,10.5,27.5,73.0,10538.67,21455.85
NB-SMA-110,Small Appliances,Coffee Makers,2026-04-20,3,18.2,8.3,18.2,90.0,10538.67,21455.85
NB-SMA-110,Small Appliances,Coffee Makers,2026-04-27,4,10.9,8.0,10.9,20.0,10538.67,21455.85
NB-SMA-110,Small Appliances,Coffee Makers,2026-05-04,5,2.3,5.8,2.3,36.8,10538.67,21455.85
NB-SMA-110,Small Appliances,Coffee Makers,2026-05-11,6,2.3,5.2,17.9,27.5,10538.67,21455.85
NB-SMA-110,Small Appliances,Coffee Makers,2026-05-18,7,4.7,6.0,15.3,18.2,10538.67,21455.85
NB-SMA-110,Small Appliances,Coffee Makers,2026-05-25,8,0.8,0.9,17.9,10.9,10538.67,21455.85
NB-SMA-111,Small Appliances,Blenders,2026-04-06,1,34.1,15.6,36.2,114.0,4845.85,8591.65
NB-SMA-111,Small Appliances,Blenders,2026-04-13,2,45.5,14.8,45.5,100.0,4845.85,8591.65
NB-SMA-111,Small Appliances,Blenders,2026-04-20,3,42.8,13.9,42.8,116.0,4845.85,8591.65
NB-SMA-111,Small Appliances,Blenders,2026-04-27,4,24.0,12.5,24.0,35.0,4845.85,8591.65
NB-SMA-111,Small Appliances,Blenders,2026-05-04,5,19.2,9.1,19.2,34.1,4845.85,8591.65
NB-SMA-111,Small Appliances,Blenders,2026-05-11,6,10.9,7.6,10.9,45.5,4845.85,8591.65
NB-SMA-111,Small Appliances,Blenders,2026-05-18,7,4.6,6.2,4.6,42.8,4845.85,8591.65
NB-SMA-111,Small Appliances,Blenders,2026-05-25,8,1.6,5.0,18.0,24.0,4845.85,8591.65
NB-SMA-112,Small Appliances,Toasters,2026-04-06,1,12.8,7.3,43.2,60.0,7289.85,14683.54
NB-SMA-112,Small Appliances,Toasters,2026-04-13,2,4.2,5.5,31.1,53.0,7289.85,14683.54
NB-SMA-112,Small Appliances,Toasters,2026-04-20,3,0.0,4.7,19.2,37.0,7289.85,14683.54
NB-SMA-112,Small Appliances,Toasters,2026-04-27,4,0.0,1.7,8.9,9.0,7289.85,14683.54
NB-SMA-112,Small Appliances,Toasters,2026-05-04,5,0.0,2.3,5.7,12.8,7289.85,14683.54
NB-SMA-112,Small Appliances,Toasters,2026-05-11,6,0.0,2.0,5.4,4.2,7289.85,14683.54
NB-SMA-112,Small Appliances,Toasters,2026-05-18,7,0.0,0.8,4.8,0.0,7289.85,14683.54
NB-SMA-112,Small Appliances,Toasters,2026-05-25,8,0.2,0.2,5.1,0.0,7289.85,14683.54
NB-SMA-113,Small Appliances,Air Fryers,2026-04-06,1,35.0,8.7,35.0,89.0,6779.94,11465.25
NB-SMA-113,Small Appliances,Air Fryers,2026-04-13,2,25.3,9.2,25.3,81.0,6779.94,11465.25
NB-SMA-113,Small Appliances,Air Fryers,2026-04-20,3,15.3,7.7,15.3,72.0,6779.94,11465.25
NB-SMA-113,Small Appliances,Air Fryers,2026-04-27,4,6.7,7.5,6.7,17.0,6779.94,11465.25
NB-SMA-113,Small Appliances,Air Fryers,2026-05-04,5,0.0,6.4,29.0,35.0,6779.94,11465.25
NB-SMA-113,Small Appliances,Air Fryers,2026-05-11,6,0.0,4.4,14.2,25.3,6779.94,11465.25
NB-SMA-113,Small Appliances,Air Fryers,2026-05-18,7,1.2,1.0,15.8,15.3,6779.94,11465.25
NB-SMA-113,Small Appliances,Air Fryers,2026-05-25,8,0.0,0.9,13.3,6.7,6779.94,11465.25
NB-SMA-114,Small Appliances,Toasters,2026-04-06,1,33.0,14.2,37.6,103.0,9186.65,19184.98
NB-SMA-114,Small Appliances,Toasters,2026-04-13,2,37.7,13.0,37.7,115.0,9186.65,19184.98
NB-SMA-114,Small Appliances,Toasters,2026-04-20,3,34.7,12.1,34.7,110.0,9186.65,19184.98
NB-SMA-114,Small Appliances,Toasters,2026-04-27,4,21.2,8.6,21.2,30.0,9186.65,19184.98
NB-SMA-114,Small Appliances,Toasters,2026-05-04,5,13.7,7.3,13.7,33.0,9186.65,19184.98
NB-SMA-114,Small Appliances,Toasters,2026-05-11,6,10.2,6.2,10.2,37.7,9186.65,19184.98
NB-SMA-114,Small Appliances,Toasters,2026-05-18,7,5.3,6.1,5.3,34.7,9186.65,19184.98
NB-SMA-114,Small Appliances,Toasters,2026-05-25,8,1.3,3.7,14.6,21.2,9186.65,19184.98
NB-SMA-115,Small Appliances,Electric Kettles,2026-04-06,1,32.1,11.2,32.1,104.0,7248.06,15473.52
NB-SMA-115,Small Appliances,Electric Kettles,2026-04-13,2,36.5,10.9,36.5,88.0,7248.06,15473.52
NB-SMA-115,Small Appliances,Electric Kettles,2026-04-20,3,23.1,10.5,23.1,89.0,7248.06,15473.52
NB-SMA-115,Small Appliances,Electric Kettles,2026-04-27,4,12.8,7.5,12.8,25.0,7248.06,15473.52
NB-SMA-115,Small Appliances,Electric Kettles,2026-05-04,5,10.3,6.3,10.3,32.1,7248.06,15473.52
NB-SMA-115,Small Appliances,Electric Kettles,2026-05-11,6,2.5,6.2,2.5,36.5,7248.06,15473.52
NB-SMA-115,Small Appliances,Electric Kettles,2026-05-18,7,2.4,4.6,14.2,23.1,7248.06,15473.52
NB-SMA-115,Small Appliances,Electric Kettles,2026-05-25,8,0.0,1.0,13.3,12.8,7248.06,15473.52
NB-SMA-116,Small Appliances,Coffee Makers,2026-04-06,1,33.9,12.9,33.9,92.0,2656.26,4781.34
NB-SMA-116,Small Appliances,Coffee Makers,2026-04-13,2,36.2,12.0,36.2,85.0,2656.26,4781.34
NB-SMA-116,Small Appliances,Coffee Makers,2026-04-20,3,26.7,11.2,26.7,108.0,2656.26,4781.34
NB-SMA-116,Small Appliances,Coffee Makers,2026-04-27,4,14.2,7.4,14.2,28.0,2656.26,4781.34
NB-SMA-116,Small Appliances,Coffee Makers,2026-05-04,5,11.3,6.5,11.3,33.9,2656.26,4781.34
NB-SMA-116,Small Appliances,Coffee Makers,2026-05-11,6,0.0,6.3,16.6,36.2,2656.26,4781.34
NB-SMA-116,Small Appliances,Coffee Makers,2026-05-18,7,0.0,4.7,14.7,26.7,2656.26,4781.34
NB-SMA-116,Small Appliances,Coffee Makers,2026-05-25,8,0.3,1.0,16.2,14.2,2656.26,4781.34
NB-SMA-117,Small Appliances,Coffee Makers,2026-04-06,1,36.8,11.7,36.8,117.0,4453.59,7700.91
NB-SMA-117,Small Appliances,Coffee Makers,2026-04-13,2,37.3,11.6,37.3,80.0,4453.59,7700.91
NB-SMA-117,Small Appliances,Coffee Makers,2026-04-20,3,24.1,11.0,24.1,92.0,4453.59,7700.91
NB-SMA-117,Small Appliances,Coffee Makers,2026-04-27,4,14.4,7.7,14.4,24.0,4453.59,7700.91
NB-SMA-117,Small Appliances,Coffee Makers,2026-05-04,5,10.4,6.2,10.4,36.8,4453.59,7700.91
NB-SMA-117,Small Appliances,Coffee Makers,2026-05-11,6,2.5,6.0,2.5,37.3,4453.59,7700.91
NB-SMA-117,Small Appliances,Coffee Makers,2026-05-18,7,2.5,4.8,14.7,24.1,4453.59,7700.91
NB-SMA-117,Small Appliances,Coffee Makers,2026-05-25,8,0.0,1.3,13.3,14.4,4453.59,7700.91
NB-SMA-118,Small Appliances,Toasters,2026-04-06,1,25.9,7.2,25.9,72.0,4638.22,10045.66
NB-SMA-118,Small Appliances,Toasters,2026-04-13,2,21.8,7.5,21.8,69.0,4638.22,10045.66
NB-SMA-118,Small Appliances,Toasters,2026-04-20,3,8.9,5.3,29.6,75.0,4638.22,10045.66
NB-SMA-118,Small Appliances,Toasters,2026-04-27,4,0.0,7.3,15.1,14.0,4638.22,10045.66
NB-SMA-118,Small Appliances,Toasters,2026-05-04,5,2.9,5.2,23.4,25.9,4638.22,10045.66
NB-SMA-118,Small Appliances,Toasters,2026-05-11,6,1.1,5.6,11.4,21.8,4638.22,10045.66
NB-SMA-118,Small Appliances,Toasters,2026-05-18,7,0.0,1.7,8.6,8.9,4638.22,10045.66
NB-SMA-118,Small Appliances,Toasters,2026-05-25,8,0.0,0.9,4.6,0.0,4638.22,10045.66
NB-SMA-119,Small Appliances,Coffee Makers,2026-04-06,1,12.4,7.7,28.0,47.0,6597.13,13354.68
NB-SMA-119,Small Appliances,Coffee Makers,2026-04-13,2,8.9,6.4,26.8,57.0,6597.13,13354.68
NB-SMA-119,Small Appliances,Coffee Makers,2026-04-20,3,0.0,5.9,19.7,58.0,6597.13,13354.68
NB-SMA-119,Small Appliances,Coffee Makers,2026-04-27,4,0.0,6.3,16.6,13.0,6597.13,13354.68
NB-SMA-119,Small Appliances,Coffee Makers,2026-05-04,5,0.0,1.2,13.0,12.4,6597.13,13354.68
NB-SMA-119,Small Appliances,Coffee Makers,2026-05-11,6,0.0,2.2,8.7,8.9,6597.13,13354.68
NB-SMA-119,Small Appliances,Coffee Makers,2026-05-18,7,0.0,2.0,5.4,0.0,6597.13,13354.68
NB-SMA-119,Small Appliances,Coffee Makers,2026-05-25,8,0.0,0.2,5.6,0.0,6597.13,13354.68
NB-SMA-120,Small Appliances,Blenders,2026-04-06,1,34.2,11.7,36.9,114.0,4087.07,6326.92
NB-SMA-120,Small Appliances,Blenders,2026-04-13,2,45.1,12.8,45.1,88.0,4087.07,6326.92
NB-SMA-120,Small Appliances,Blenders,2026-04-20,3,34.9,12.0,34.9,126.0,4087.07,6326.92
NB-SMA-120,Small Appliances,Blenders,2026-04-27,4,19.6,8.8,19.6,25.0,4087.07,6326.92
NB-SMA-120,Small Appliances,Blenders,2026-05-04,5,17.5,7.3,17.5,34.2,4087.07,6326.92
NB-SMA-120,Small Appliances,Blenders,2026-05-11,6,7.1,7.0,7.1,45.1,4087.07,6326.92
NB-SMA-120,Small Appliances,Blenders,2026-05-18,7,3.7,6.1,11.8,34.9,4087.07,6326.92
NB-SMA-120,Small Appliances,Blenders,2026-05-25,8,0.0,3.7,14.4,19.6,4087.07,6326.92
NB-SMA-121,Small Appliances,Coffee Makers,2026-04-06,1,33.6,12.1,37.0,126.0,11486.04,18831.97
NB-SMA-121,Small Appliances,Coffee Makers,2026-04-13,2,46.7,13.0,46.7,111.0,11486.04,18831.97
NB-SMA-121,Small Appliances,Coffee Makers,2026-04-20,3,39.6,13.0,39.6,109.0,11486.04,18831.97
NB-SMA-121,Small Appliances,Coffee Makers,2026-04-27,4,22.0,10.5,22.0,24.0,11486.04,18831.97
NB-SMA-121,Small Appliances,Coffee Makers,2026-05-04,5,19.2,7.4,19.2,33.6,11486.04,18831.97
NB-SMA-121,Small Appliances,Coffee Makers,2026-05-11,6,11.6,7.4,11.6,46.7,11486.04,18831.97
NB-SMA-121,Small Appliances,Coffee Makers,2026-05-18,7,4.5,6.1,4.5,39.6,11486.04,18831.97
NB-SMA-121,Small Appliances,Coffee Makers,2026-05-25,8,3.6,6.4,17.8,22.0,11486.04,18831.97
NB-SMA-122,Small Appliances,Air Fryers,2026-04-06,1,35.5,12.1,37.7,118.0,3087.45,6078.02
NB-SMA-122,Small Appliances,Air Fryers,2026-04-13,2,46.4,13.2,46.4,93.0,3087.45,6078.02
NB-SMA-122,Small Appliances,Air Fryers,2026-04-20,3,35.7,12.4,35.7,119.0,3087.45,6078.02
NB-SMA-122,Small Appliances,Air Fryers,2026-04-27,4,19.6,9.0,19.6,23.0,3087.45,6078.02
NB-SMA-122,Small Appliances,Air Fryers,2026-05-04,5,17.5,7.3,17.5,35.5,3087.45,6078.02
NB-SMA-122,Small Appliances,Air Fryers,2026-05-11,6,8.3,6.9,8.3,46.4,3087.45,6078.02
NB-SMA-122,Small Appliances,Air Fryers,2026-05-18,7,2.8,6.2,11.8,35.7,3087.45,6078.02
NB-SMA-122,Small Appliances,Air Fryers,2026-05-25,8,1.6,5.4,14.4,19.6,3087.45,6078.02
NB-SMA-123,Small Appliances,Toasters,2026-04-06,1,34.5,13.7,37.9,125.0,8934.54,18198.13
NB-SMA-123,Small Appliances,Toasters,2026-04-13,2,46.8,12.8,46.8,113.0,8934.54,18198.13
NB-SMA-123,Small Appliances,Toasters,2026-04-20,3,38.7,12.2,38.7,99.0,8934.54,18198.13
NB-SMA-123,Small Appliances,Toasters,2026-04-27,4,23.5,10.5,23.5,26.0,8934.54,18198.13
NB-SMA-123,Small Appliances,Toasters,2026-05-04,5,19.3,8.7,19.3,34.5,8934.54,18198.13
NB-SMA-123,Small Appliances,Toasters,2026-05-11,6,9.9,7.3,9.9,46.8,8934.54,18198.13
NB-SMA-123,Small Appliances,Toasters,2026-05-18,7,2.6,6.0,2.6,38.7,8934.54,18198.13
NB-SMA-123,Small Appliances,Toasters,2026-05-25,8,2.4,5.2,15.1,23.5,8934.54,18198.13
NB-SMA-124,Small Appliances,Coffee Makers,2026-04-06,1,35.8,9.4,35.8,75.0,9733.48,15716.03
NB-SMA-124,Small Appliances,Coffee Makers,2026-04-13,2,29.7,10.8,29.7,83.0,9733.48,15716.03
NB-SMA-124,Small Appliances,Coffee Makers,2026-04-20,3,20.0,10.0,20.0,77.0,9733.48,15716.03
NB-SMA-124,Small Appliances,Coffee Makers,2026-04-27,4,10.2,7.4,10.2,23.0,9733.48,15716.03
NB-SMA-124,Small Appliances,Coffee Makers,2026-05-04,5,0.6,6.0,20.1,35.8,9733.48,15716.03
NB-SMA-124,Small Appliances,Coffee Makers,2026-05-11,6,0.6,5.5,18.5,29.7,9733.48,15716.03
NB-SMA-124,Small Appliances,Coffee Makers,2026-05-18,7,2.0,1.1,14.6,20.0,9733.48,15716.03
NB-SMA-124,Small Appliances,Coffee Makers,2026-05-25,8,0.0,1.0,13.3,10.2,9733.48,15716.03
NB-SMA-125,Small Appliances,Coffee Makers,2026-04-06,1,31.6,8.2,31.6,64.0,11274.65,21456.31
NB-SMA-125,Small Appliances,Coffee Makers,2026-04-13,2,24.5,9.1,24.5,74.0,11274.65,21456.31
NB-SMA-125,Small Appliances,Coffee Makers,2026-04-20,3,18.9,8.0,18.9,83.0,11274.65,21456.31
NB-SMA-125,Small Appliances,Coffee Makers,2026-04-27,4,3.4,7.8,17.9,13.0,11274.65,21456.31
NB-SMA-125,Small Appliances,Coffee Makers,2026-05-04,5,3.5,6.3,28.2,31.6,11274.65,21456.31
NB-SMA-125,Small Appliances,Coffee Makers,2026-05-11,6,1.9,4.5,16.3,24.5,11274.65,21456.31
NB-SMA-125,Small Appliances,Coffee Makers,2026-05-18,7,3.1,1.2,14.6,18.9,11274.65,21456.31
NB-SMA-125,Small Appliances,Coffee Makers,2026-05-25,8,1.5,1.5,9.6,3.4,11274.65,21456.31
NB-SMA-126,Small Appliances,Toasters,2026-04-06,1,38.8,11.6,38.8,102.0,11403.0,18687.59
NB-SMA-126,Small Appliances,Toasters,2026-04-13,2,43.6,12.7,43.6,87.0,11403.0,18687.59
NB-SMA-126,Small Appliances,Toasters,2026-04-20,3,31.5,12.1,31.5,121.0,11403.0,18687.59
NB-SMA-126,Small Appliances,Toasters,2026-04-27,4,17.6,9.3,17.6,20.0,11403.0,18687.59
NB-SMA-126,Small Appliances,Toasters,2026-05-04,5,12.1,6.8,12.1,38.8,11403.0,18687.59
NB-SMA-126,Small Appliances,Toasters,2026-05-11,6,9.2,6.7,9.2,43.6,11403.0,18687.59
NB-SMA-126,Small Appliances,Toasters,2026-05-18,7,1.9,6.1,14.1,31.5,11403.0,18687.59
NB-SMA-126,Small Appliances,Toasters,2026-05-25,8,1.4,3.9,13.9,17.6,11403.0,18687.59
NB-SMA-127,Small Appliances,Air Fryers,2026-04-06,1,35.2,8.6,35.2,96.0,2839.39,5794.45
NB-SMA-127,Small Appliances,Air Fryers,2026-04-13,2,26.5,9.4,26.5,76.0,2839.39,5794.45
NB-SMA-127,Small Appliances,Air Fryers,2026-04-20,3,15.8,7.5,15.8,79.0,2839.39,5794.45
NB-SMA-127,Small Appliances,Air Fryers,2026-04-27,4,6.1,7.4,6.1,14.0,2839.39,5794.45
NB-SMA-127,Small Appliances,Air Fryers,2026-05-04,5,0.0,6.3,29.0,35.2,2839.39,5794.45
NB-SMA-127,Small Appliances,Air Fryers,2026-05-11,6,0.0,4.3,14.9,26.5,2839.39,5794.45
NB-SMA-127,Small Appliances,Air Fryers,2026-05-18,7,1.7,1.1,16.1,15.8,2839.39,5794.45
NB-SMA-127,Small Appliances,Air Fryers,2026-05-25,8,0.4,1.0,13.7,6.1,2839.39,5794.45
NB-SMA-128,Small Appliances,Coffee Makers,2026-04-06,1,34.9,11.1,34.9,103.0,9921.52,18812.72
NB-SMA-128,Small Appliances,Coffee Makers,2026-04-13,2,34.3,13.0,34.3,90.0,9921.52,18812.72
NB-SMA-128,Small Appliances,Coffee Makers,2026-04-20,3,22.6,10.8,22.6,93.0,9921.52,18812.72
NB-SMA-128,Small Appliances,Coffee Makers,2026-04-27,4,13.1,8.8,13.1,22.0,9921.52,18812.72
NB-SMA-128,Small Appliances,Coffee Makers,2026-05-04,5,12.0,6.5,12.0,34.9,9921.52,18812.72
NB-SMA-128,Small Appliances,Coffee Makers,2026-05-11,6,5.5,6.5,5.5,34.3,9921.52,18812.72
NB-SMA-128,Small Appliances,Coffee Makers,2026-05-18,7,3.3,5.6,15.1,22.6,9921.52,18812.72
NB-SMA-128,Small Appliances,Coffee Makers,2026-05-25,8,1.4,4.3,14.1,13.1,9921.52,18812.72
NB-SMA-129,Small Appliances,Toasters,2026-04-06,1,37.6,12.9,37.6,107.0,8547.52,13233.87
NB-SMA-129,Small Appliances,Toasters,2026-04-13,2,44.3,13.0,44.3,89.0,8547.52,13233.87
NB-SMA-129,Small Appliances,Toasters,2026-04-20,3,31.3,12.4,31.3,106.0,8547.52,13233.87
NB-SMA-129,Small Appliances,Toasters,2026-04-27,4,18.1,9.9,18.1,22.0,8547.52,13233.87
NB-SMA-129,Small Appliances,Toasters,2026-05-04,5,10.3,6.8,10.3,37.6,8547.52,13233.87
NB-SMA-129,Small Appliances,Toasters,2026-05-11,6,7.1,6.5,7.1,44.3,8547.52,13233.87
NB-SMA-129,Small Appliances,Toasters,2026-05-18,7,0.1,6.6,19.4,31.3,8547.52,13233.87
NB-SMA-129,Small Appliances,Toasters,2026-05-25,8,0.0,3.5,12.6,18.1,8547.52,13233.87
NB-SMA-130,Small Appliances,Toasters,2026-04-06,1,33.3,12.2,37.1,112.0,10187.78,16034.31
NB-SMA-130,Small Appliances,Toasters,2026-04-13,2,48.6,13.0,48.6,108.0,10187.78,16034.31
NB-SMA-130,Small Appliances,Toasters,2026-04-20,3,39.5,13.0,39.5,107.0,10187.78,16034.31
NB-SMA-130,Small Appliances,Toasters,2026-04-27,4,22.1,10.7,22.1,25.0,10187.78,16034.31
NB-SMA-130,Small Appliances,Toasters,2026-05-04,5,17.4,7.4,17.4,33.3,10187.78,16034.31
NB-SMA-130,Small Appliances,Toasters,2026-05-11,6,9.5,6.4,9.5,48.6,10187.78,16034.31
NB-SMA-130,Small Appliances,Toasters,2026-05-18,7,2.6,6.4,2.6,39.5,10187.78,16034.31
NB-SMA-130,Small Appliances,Toasters,2026-05-25,8,1.5,5.5,14.6,22.1,10187.78,16034.31
NB-SMA-131,Small Appliances,Toasters,2026-04-06,1,1.4,1.2,2.9,6.0,9014.55,16269.83
NB-SMA-131,Small Appliances,Toasters,2026-04-13,2,2.0,0.6,2.3,15.0,9014.55,16269.83
NB-SMA-131,Small Appliances,Toasters,2026-04-20,3,0.5,1.4,5.5,12.0,9014.55,16269.83
NB-SMA-131,Small Appliances,Toasters,2026-04-27,4,0.9,1.2,3.0,4.0,9014.55,16269.83
NB-SMA-131,Small Appliances,Toasters,2026-05-04,5,0.6,0.5,6.3,1.4,9014.55,16269.83
NB-SMA-131,Small Appliances,Toasters,2026-05-11,6,0.0,0.5,7.6,2.0,9014.55,16269.83
NB-SMA-131,Small Appliances,Toasters,2026-05-18,7,2.6,0.5,6.7,0.5,9014.55,16269.83
NB-SMA-131,Small Appliances,Toasters,2026-05-25,8,3.2,0.5,6.4,0.9,9014.55,16269.83
NB-SMA-132,Small Appliances,Blenders,2026-04-06,1,3.3,0.0,4.2,11.0,8082.31,17326.31
NB-SMA-132,Small Appliances,Blenders,2026-04-13,2,2.4,0.3,2.9,13.0,8082.31,17326.31
NB-SMA-132,Small Appliances,Blenders,2026-04-20,3,0.7,1.3,2.5,16.0,8082.31,17326.31
NB-SMA-132,Small Appliances,Blenders,2026-04-27,4,0.8,1.0,3.0,2.0,8082.31,17326.31
NB-SMA-132,Small Appliances,Blenders,2026-05-04,5,0.0,0.9,6.7,3.3,8082.31,17326.31
NB-SMA-132,Small Appliances,Blenders,2026-05-11,6,0.4,0.3,8.1,2.4,8082.31,17326.31
NB-SMA-132,Small Appliances,Blenders,2026-05-18,7,2.4,0.1,6.2,0.7,8082.31,17326.31
NB-SMA-132,Small Appliances,Blenders,2026-05-25,8,2.2,0.1,6.1,0.8,8082.31,17326.31
NB-SMA-133,Small Appliances,Toasters,2026-04-06,1,2.7,0.5,7.3,3.0,10222.49,19573.33
NB-SMA-133,Small Appliances,Toasters,2026-04-13,2,2.8,0.7,7.6,5.0,10222.49,19573.33
NB-SMA-133,Small Appliances,Toasters,2026-04-20,3,2.7,0.6,7.6,5.0,10222.49,19573.33
NB-SMA-133,Small Appliances,Toasters,2026-04-27,4,2.6,0.5,8.6,3.0,10222.49,19573.33
NB-SMA-133,Small Appliances,Toasters,2026-05-04,5,2.6,0.4,7.6,2.7,10222.49,19573.33
NB-SMA-133,Small Appliances,Toasters,2026-05-11,6,2.5,0.4,7.6,2.8,10222.49,19573.33
NB-SMA-133,Small Appliances,Toasters,2026-05-18,7,3.7,0.1,7.3,2.7,10222.49,19573.33
NB-SMA-133,Small Appliances,Toasters,2026-05-25,8,3.4,0.1,7.3,2.6,10222.49,19573.33
NB-SMA-134,Small Appliances,Coffee Makers,2026-04-06,1,6.9,2.6,10.4,25.0,4645.07,8433.41
NB-SMA-134,Small Appliances,Coffee Makers,2026-04-13,2,4.5,1.8,8.5,24.0,4645.07,8433.41
NB-SMA-134,Small Appliances,Coffee Makers,2026-04-20,3,0.9,2.1,5.5,19.0,4645.07,8433.41
NB-SMA-134,Small Appliances,Coffee Makers,2026-04-27,4,0.0,1.5,5.6,7.0,4645.07,8433.41
NB-SMA-134,Small Appliances,Coffee Makers,2026-05-04,5,0.0,1.5,6.2,6.9,4645.07,8433.41
NB-SMA-134,Small Appliances,Coffee Makers,2026-05-11,6,0.0,0.8,5.1,4.5,4645.07,8433.41
NB-SMA-134,Small Appliances,Coffee Makers,2026-05-18,7,0.6,0.2,6.1,0.9,4645.07,8433.41
NB-SMA-134,Small Appliances,Coffee Makers,2026-05-25,8,0.1,0.3,5.2,0.0,4645.07,8433.41
NB-SMA-135,Small Appliances,Electric Kettles,2026-04-06,1,2.7,0.0,7.3,4.0,8615.52,14952.04
NB-SMA-135,Small Appliances,Electric Kettles,2026-04-13,2,2.9,0.2,7.3,5.0,8615.52,14952.04
NB-SMA-135,Small Appliances,Electric Kettles,2026-04-20,3,2.5,0.0,7.3,3.0,8615.52,14952.04
NB-SMA-135,Small Appliances,Electric Kettles,2026-04-27,4,2.6,0.0,7.3,2.0,8615.52,14952.04
NB-SMA-135,Small Appliances,Electric Kettles,2026-05-04,5,2.8,0.0,7.0,2.7,8615.52,14952.04
NB-SMA-135,Small Appliances,Electric Kettles,2026-05-11,6,2.6,0.0,7.0,2.9,8615.52,14952.04
NB-SMA-135,Small Appliances,Electric Kettles,2026-05-18,7,2.7,0.0,7.0,2.5,8615.52,14952.04
NB-SMA-135,Small Appliances,Electric Kettles,2026-05-25,8,2.0,0.0,7.0,2.6,8615.52,14952.04
NB-SMA-136,Small Appliances,Air Fryers,2026-04-06,1,3.4,1.3,6.0,18.0,6773.01,11841.78
NB-SMA-136,Small Appliances,Air Fryers,2026-04-13,2,2.9,1.9,4.3,13.0,6773.01,11841.78
NB-SMA-136,Small Appliances,Air Fryers,2026-04-20,3,0.0,1.8,3.6,13.0,6773.01,11841.78
NB-SMA-136,Small Appliances,Air Fryers,2026-04-27,4,0.4,0.8,4.6,5.0,6773.01,11841.78
NB-SMA-136,Small Appliances,Air Fryers,2026-05-04,5,1.1,0.9,3.0,3.4,6773.01,11841.78
NB-SMA-136,Small Appliances,Air Fryers,2026-05-11,6,1.1,0.5,6.1,2.9,6773.01,11841.78
NB-SMA-136,Small Appliances,Air Fryers,2026-05-18,7,0.7,0.5,5.5,0.0,6773.01,11841.78
NB-SMA-136,Small Appliances,Air Fryers,2026-05-25,8,0.2,0.4,6.1,0.4,6773.01,11841.78
NB-SMA-137,Small Appliances,Electric Kettles,2026-04-06,1,4.9,1.8,8.5,26.0,8952.07,15159.33
NB-SMA-137,Small Appliances,Electric Kettles,2026-04-13,2,3.2,2.2,4.5,20.0,8952.07,15159.33
NB-SMA-137,Small Appliances,Electric Kettles,2026-04-20,3,0.0,1.9,4.7,12.0,8952.07,15159.33
NB-SMA-137,Small Appliances,Electric Kettles,2026-04-27,4,0.0,1.7,6.8,5.0,8952.07,15159.33
NB-SMA-137,Small Appliances,Electric Kettles,2026-05-04,5,0.0,0.8,6.3,4.9,8952.07,15159.33
NB-SMA-137,Small Appliances,Electric Kettles,2026-05-11,6,1.1,0.2,5.7,3.2,8952.07,15159.33
NB-SMA-137,Small Appliances,Electric Kettles,2026-05-18,7,0.6,0.4,5.5,0.0,8952.07,15159.33
NB-SMA-137,Small Appliances,Electric Kettles,2026-05-25,8,0.5,0.5,5.2,0.0,8952.07,15159.33
NB-SMA-138,Small Appliances,Air Fryers,2026-04-06,1,2.0,0.3,2.9,10.0,2673.25,5357.33
NB-SMA-138,Small Appliances,Air Fryers,2026-04-13,2,0.8,1.3,2.9,13.0,2673.25,5357.33
NB-SMA-138,Small Appliances,Air Fryers,2026-04-20,3,0.4,1.4,4.2,9.0,2673.25,5357.33
NB-SMA-138,Small Appliances,Air Fryers,2026-04-27,4,0.0,0.9,3.0,3.0,2673.25,5357.33
NB-SMA-138,Small Appliances,Air Fryers,2026-05-04,5,0.0,0.5,8.1,2.0,2673.25,5357.33
NB-SMA-138,Small Appliances,Air Fryers,2026-05-11,6,0.2,0.5,6.7,0.8,2673.25,5357.33
NB-SMA-138,Small Appliances,Air Fryers,2026-05-18,7,2.2,0.4,6.1,0.4,2673.25,5357.33
NB-SMA-138,Small Appliances,Air Fryers,2026-05-25,8,3.2,0.4,6.1,0.0,2673.25,5357.33
NB-SMA-139,Small Appliances,Air Fryers,2026-04-06,1,4.4,1.7,8.5,26.0,8844.22,17265.09
NB-SMA-139,Small Appliances,Air Fryers,2026-04-13,2,0.7,3.0,3.9,12.0,8844.22,17265.09
NB-SMA-139,Small Appliances,Air Fryers,2026-04-20,3,0.7,1.9,3.9,13.0,8844.22,17265.09
NB-SMA-139,Small Appliances,Air Fryers,2026-04-27,4,0.0,1.6,6.3,7.0,8844.22,17265.09
NB-SMA-139,Small Appliances,Air Fryers,2026-05-04,5,0.0,0.8,5.9,4.4,8844.22,17265.09
NB-SMA-139,Small Appliances,Air Fryers,2026-05-11,6,0.5,0.4,6.1,0.7,8844.22,17265.09
NB-SMA-139,Small Appliances,Air Fryers,2026-05-18,7,0.2,0.5,5.5,0.7,8844.22,17265.09
NB-SMA-139,Small Appliances,Air Fryers,2026-05-25,8,0.0,0.4,5.2,0.0,8844.22,17265.09
NB-SMA-140,Small Appliances,Coffee Makers,2026-04-06,1,2.3,0.4,7.4,3.0,2749.14,4550.15
NB-SMA-140,Small Appliances,Coffee Makers,2026-04-13,2,2.3,0.5,7.4,3.0,2749.14,4550.15
NB-SMA-140,Small Appliances,Coffee Makers,2026-04-20,3,3.8,0.3,7.0,5.0,2749.14,4550.15
NB-SMA-140,Small Appliances,Coffee Makers,2026-04-27,4,2.6,0.2,7.0,2.0,2749.14,4550.15
NB-SMA-140,Small Appliances,Coffee Makers,2026-05-04,5,2.6,0.1,7.0,2.3,2749.14,4550.15
NB-SMA-140,Small Appliances,Coffee Makers,2026-05-11,6,3.4,0.1,7.0,2.3,2749.14,4550.15
NB-SMA-140,Small Appliances,Coffee Makers,2026-05-18,7,2.5,0.0,7.0,3.8,2749.14,4550.15
NB-SMA-140,Small Appliances,Coffee Makers,2026-05-25,8,1.7,0.0,7.0,2.6,2749.14,4550.15
NB-SMA-141,Small Appliances,Electric Kettles,2026-04-06,1,2.8,0.4,8.1,4.0,5564.01,10501.69
NB-SMA-141,Small Appliances,Electric Kettles,2026-04-13,2,2.5,0.6,8.3,6.0,5564.01,10501.69
NB-SMA-141,Small Appliances,Electric Kettles,2026-04-20,3,2.6,0.6,7.8,6.0,5564.01,10501.69
NB-SMA-141,Small Appliances,Electric Kettles,2026-04-27,4,2.7,0.5,7.4,0.0,5564.01,10501.69
NB-SMA-141,Small Appliances,Electric Kettles,2026-05-04,5,2.5,0.4,7.4,2.8,5564.01,10501.69
NB-SMA-141,Small Appliances,Electric Kettles,2026-05-11,6,3.7,0.0,7.0,2.5,5564.01,10501.69
NB-SMA-141,Small Appliances,Electric Kettles,2026-05-18,7,2.8,0.0,7.0,2.6,5564.01,10501.69
NB-SMA-141,Small Appliances,Electric Kettles,2026-05-25,8,2.7,0.0,7.0,2.7,5564.01,10501.69
NB-SMA-142,Small Appliances,Electric Kettles,2026-04-06,1,2.9,3.9,10.4,23.0,5174.07,10306.74
NB-SMA-142,Small Appliances,Electric Kettles,2026-04-13,2,1.8,4.3,9.2,21.0,5174.07,10306.74
NB-SMA-142,Small Appliances,Electric Kettles,2026-04-20,3,1.9,3.0,5.7,28.0,5174.07,10306.74
NB-SMA-142,Small Appliances,Electric Kettles,2026-04-27,4,0.0,1.6,5.7,4.0,5174.07,10306.74
NB-SMA-142,Small Appliances,Electric Kettles,2026-05-04,5,0.0,1.5,4.9,2.9,5174.07,10306.74
NB-SMA-142,Small Appliances,Electric Kettles,2026-05-11,6,0.0,0.8,6.2,1.8,5174.07,10306.74
NB-SMA-142,Small Appliances,Electric Kettles,2026-05-18,7,0.6,0.2,6.8,1.9,5174.07,10306.74
NB-SMA-142,Small Appliances,Electric Kettles,2026-05-25,8,0.1,0.3,5.2,0.0,5174.07,10306.74
NB-SMA-143,Small Appliances,Air Fryers,2026-04-06,1,3.8,1.3,5.6,14.0,3030.69,4954.6
NB-SMA-143,Small Appliances,Air Fryers,2026-04-13,2,2.4,1.8,3.0,7.0,3030.69,4954.6
NB-SMA-143,Small Appliances,Air Fryers,2026-04-20,3,0.0,1.8,2.9,18.0,3030.69,4954.6
NB-SMA-143,Small Appliances,Air Fryers,2026-04-27,4,0.4,1.0,4.2,3.0,3030.69,4954.6
NB-SMA-143,Small Appliances,Air Fryers,2026-05-04,5,1.0,0.6,5.4,3.8,3030.69,4954.6
NB-SMA-143,Small Appliances,Air Fryers,2026-05-11,6,1.2,0.5,6.1,2.4,3030.69,4954.6
NB-SMA-143,Small Appliances,Air Fryers,2026-05-18,7,0.5,0.5,6.4,0.0,3030.69,4954.6
NB-SMA-143,Small Appliances,Air Fryers,2026-05-25,8,2.6,0.4,6.1,0.4,3030.69,4954.6
NB-SMA-144,Small Appliances,Air Fryers,2026-04-06,1,0.8,0.5,4.1,8.0,3753.72,7571.34
NB-SMA-144,Small Appliances,Air Fryers,2026-04-13,2,0.5,0.7,7.4,7.0,3753.72,7571.34
NB-SMA-144,Small Appliances,Air Fryers,2026-04-20,3,3.9,0.6,6.4,7.0,3753.72,7571.34
NB-SMA-144,Small Appliances,Air Fryers,2026-04-27,4,3.8,0.5,6.4,1.0,3753.72,7571.34
NB-SMA-144,Small Appliances,Air Fryers,2026-05-04,5,3.0,0.4,7.4,0.8,3753.72,7571.34
NB-SMA-144,Small Appliances,Air Fryers,2026-05-11,6,3.5,0.4,7.4,0.5,3753.72,7571.34
NB-SMA-144,Small Appliances,Air Fryers,2026-05-18,7,2.8,0.2,7.0,3.9,3753.72,7571.34
NB-SMA-144,Small Appliances,Air Fryers,2026-05-25,8,2.0,0.2,7.0,3.8,3753.72,7571.34
NB-SMA-145,Small Appliances,Electric Kettles,2026-04-06,1,5.7,2.9,6.3,17.0,7887.27,17244.39
NB-SMA-145,Small Appliances,Electric Kettles,2026-04-13,2,3.9,2.1,5.9,15.0,7887.27,17244.39
NB-SMA-145,Small Appliances,Electric Kettles,2026-04-20,3,0.0,1.7,4.1,18.0,7887.27,17244.39
NB-SMA-145,Small Appliances,Electric Kettles,2026-04-27,4,0.0,1.7,5.3,3.0,7887.27,17244.39
NB-SMA-145,Small Appliances,Electric Kettles,2026-05-04,5,0.0,0.9,5.5,5.7,7887.27,17244.39
NB-SMA-145,Small Appliances,Electric Kettles,2026-05-11,6,0.6,0.3,5.7,3.9,7887.27,17244.39
NB-SMA-145,Small Appliances,Electric Kettles,2026-05-18,7,0.5,0.1,5.5,0.0,7887.27,17244.39
NB-SMA-145,Small Appliances,Electric Kettles,2026-05-25,8,0.0,0.2,5.2,0.0,7887.27,17244.39
NB-SMA-146,Small Appliances,Air Fryers,2026-04-06,1,4.9,1.8,8.5,23.0,5480.99,9381.19
NB-SMA-146,Small Appliances,Air Fryers,2026-04-13,2,1.6,1.3,5.3,17.0,5480.99,9381.19
NB-SMA-146,Small Appliances,Air Fryers,2026-04-20,3,0.4,1.8,3.6,20.0,5480.99,9381.19
NB-SMA-146,Small Appliances,Air Fryers,2026-04-27,4,0.0,1.5,6.4,4.0,5480.99,9381.19
NB-SMA-146,Small Appliances,Air Fryers,2026-05-04,5,0.0,0.8,5.5,4.9,5480.99,9381.19
NB-SMA-146,Small Appliances,Air Fryers,2026-05-11,6,0.9,0.4,5.4,1.6,5480.99,9381.19
NB-SMA-146,Small Appliances,Air Fryers,2026-05-18,7,1.0,0.3,5.5,0.4,5480.99,9381.19
NB-SMA-146,Small Appliances,Air Fryers,2026-05-25,8,0.5,0.4,5.2,0.0,5480.99,9381.19
NB-SMA-147,Small Appliances,Blenders,2026-04-06,1,0.2,0.4,2.3,6.0,2264.26,3482.81
NB-SMA-147,Small Appliances,Blenders,2026-04-13,2,0.8,1.2,3.4,10.0,2264.26,3482.81
NB-SMA-147,Small Appliances,Blenders,2026-04-20,3,0.9,1.1,3.0,15.0,2264.26,3482.81
NB-SMA-147,Small Appliances,Blenders,2026-04-27,4,0.2,0.6,5.7,1.0,2264.26,3482.81
NB-SMA-147,Small Appliances,Blenders,2026-05-04,5,0.2,0.4,6.8,0.2,2264.26,3482.81
NB-SMA-147,Small Appliances,Blenders,2026-05-11,6,2.9,0.4,6.4,0.8,2264.26,3482.81
NB-SMA-147,Small Appliances,Blenders,2026-05-18,7,3.7,0.4,6.2,0.9,2264.26,3482.81
NB-SMA-147,Small Appliances,Blenders,2026-05-25,8,3.4,0.4,7.1,0.2,2264.26,3482.81
NB-SMA-148,Small Appliances,Air Fryers,2026-04-06,1,4.4,1.9,8.5,22.0,8306.27,16836.43
NB-SMA-148,Small Appliances,Air Fryers,2026-04-13,2,1.2,1.1,5.3,12.0,8306.27,16836.43
NB-SMA-148,Small Appliances,Air Fryers,2026-04-20,3,1.8,1.8,4.1,18.0,8306.27,16836.43
NB-SMA-148,Small Appliances,Air Fryers,2026-04-27,4,0.0,1.7,6.2,6.0,8306.27,16836.43
NB-SMA-148,Small Appliances,Air Fryers,2026-05-04,5,0.0,0.8,4.6,4.4,8306.27,16836.43
NB-SMA-148,Small Appliances,Air Fryers,2026-05-11,6,0.4,0.4,5.7,1.2,8306.27,16836.43
NB-SMA-148,Small Appliances,Air Fryers,2026-05-18,7,0.6,0.3,5.5,1.8,8306.27,16836.43
NB-SMA-148,Small Appliances,Air Fryers,2026-05-25,8,0.1,0.4,5.2,0.0,8306.27,16836.43
NB-SMA-149,Small Appliances,Electric Kettles,2026-04-06,1,2.7,0.5,7.4,5.0,4700.26,8625.45
NB-SMA-149,Small Appliances,Electric Kettles,2026-04-13,2,2.7,0.6,7.4,2.0,4700.26,8625.45
NB-SMA-149,Small Appliances,Electric Kettles,2026-04-20,3,2.3,0.6,7.4,5.0,4700.26,8625.45
NB-SMA-149,Small Appliances,Electric Kettles,2026-04-27,4,2.6,0.0,7.3,1.0,4700.26,8625.45
NB-SMA-149,Small Appliances,Electric Kettles,2026-05-04,5,3.3,0.4,7.1,2.7,4700.26,8625.45
NB-SMA-149,Small Appliances,Electric Kettles,2026-05-11,6,4.0,0.0,7.0,2.7,4700.26,8625.45
NB-SMA-149,Small Appliances,Electric Kettles,2026-05-18,7,2.7,0.0,7.0,2.3,4700.26,8625.45
NB-SMA-149,Small Appliances,Electric Kettles,2026-05-25,8,2.0,0.0,7.0,2.6,4700.26,8625.45
NB-SMA-150,Small Appliances,Coffee Makers,2026-04-06,1,4.2,0.4,5.7,11.0,4375.28,9202.12
NB-SMA-150,Small Appliances,Coffee Makers,2026-04-13,2,2.8,0.7,7.4,7.0,4375.28,9202.12
NB-SMA-150,Small Appliances,Coffee Makers,2026-04-20,3,2.6,0.6,8.3,4.0,4375.28,9202.12
NB-SMA-150,Small Appliances,Coffee Makers,2026-04-27,4,2.8,0.5,8.3,1.0,4375.28,9202.12
NB-SMA-150,Small Appliances,Coffee Makers,2026-05-04,5,3.1,0.2,8.2,4.2,4375.28,9202.12
NB-SMA-150,Small Appliances,Coffee Makers,2026-05-11,6,2.7,0.1,7.3,2.8,4375.28,9202.12
NB-SMA-150,Small Appliances,Coffee Makers,2026-05-18,7,2.7,0.1,7.0,2.6,4375.28,9202.12
NB-SMA-150,Small Appliances,Coffee Makers,2026-05-25,8,2.3,0.1,7.0,2.8,4375.28,9202.12
